<incident>
<timestamp>15-09-2020 10:13:13</timestamp>
<incidentId>010103120200915131310</incidentId>
<message>INSERT INTO Courses(CoursCrsId,CoursType,CoursBulletin,CoursFromPln,CouursToPln,CoursSupervisorInt,CoursSupervisorExt,CoursYear,CoursArea,CoursSection,CoursGenRept,CoursAreaRept,CoursLocation,CoursStatus) VALUES (?,?,?,?,?,?,?,?,?,?,?,?,?,?); - Column 'CoursType' cannot be null</message>
</incident>
<incident>
<timestamp>15-09-2020 10:23:09</timestamp>
<incidentId>010103120200915092310</incidentId>
<message>INSERT INTO Courses(CoursCrsId,CoursType,CoursBulletin,CoursFromPln,CouursToPln,CoursSupervisorInt,CoursSupervisorExt,CoursYear,CoursArea,CoursSection,CoursGenRept,CoursAreaRept,CoursLocation,CoursStatus) VALUES (?,?,?,?,?,?,?,?,?,?,?,?,?,?); - Column 'CoursBulletin' cannot be null</message>
</incident>
<incident>
<timestamp>15-09-2020 10:35:53</timestamp>
<incidentId>010103120200915533510</incidentId>
<message>INSERT INTO Courses(CoursCrsId,CoursType,CoursBulletin,CoursFromPln,CouursToPln,CoursSupervisorInt,CoursSupervisorExt,CoursYear,CoursArea,CoursSection,CoursGenRept,CoursAreaRept,CoursLocation,CoursStatus) VALUES (?,?,?,?,?,?,?,?,?,?,?,?,?,?); - Column 'CouursToPln' cannot be null</message>
</incident>
<incident>
<timestamp>15-09-2020 10:38:19</timestamp>
<incidentId>010103120200915193810</incidentId>
<message>INSERT INTO Courses(CoursCrsId,CoursType,CoursBulletin,CoursFromPln,CouursToPln,CoursSupervisorInt,CoursSupervisorExt,CoursYear,CoursArea,CoursSection,CoursGenRept,CoursAreaRept,CoursLocation,CoursStatus) VALUES (?,?,?,?,?,?,?,?,?,?,?,?,?,?); - Column 'CouursToPln' cannot be null</message>
</incident>
<incident>
<timestamp>15-09-2020 10:40:48</timestamp>
<incidentId>010103120200915484010</incidentId>
<message>INSERT INTO Courses(CoursCrsId,CoursType,CoursBulletin,CoursFromPln,CouursToPln,CoursSupervisorInt,CoursSupervisorExt,CoursYear,CoursArea,CoursSection,CoursGenRept,CoursAreaRept,CoursLocation,CoursStatus) VALUES (?,?,?,?,?,?,?,?,?,?,?,?,?,?); - Column 'CoursYear' cannot be null</message>
</incident>
<incident>
<timestamp>15-09-2020 10:41:51</timestamp>
<incidentId>010103120200915514110</incidentId>
<message>INSERT INTO Courses(CoursCrsId,CoursType,CoursBulletin,CoursFromPln,CouursToPln,CoursSupervisorInt,CoursSupervisorExt,CoursYear,CoursArea,CoursSection,CoursGenRept,CoursAreaRept,CoursLocation,CoursStatus) VALUES (?,?,?,?,?,?,?,?,?,?,?,?,?,?); - Column 'CoursStatus' cannot be null</message>
</incident>
<incident>
<timestamp>15-09-2020 10:59:25</timestamp>
<incidentId>030105120200915255910</incidentId>
<message>select CoursCrsId,CoursType,CoursBulletin,CoursFromPln,CouursToPln,CoursSupervisorInt,CoursSupervisorExt,CoursYear,CoursArea,CoursSection,CoursGenRept,CoursAreaRept,CoursLocation,CoursStatus from Courses where CoursId=? - </message>
</incident>
<incident>
<timestamp>15-09-2020 11:06:07</timestamp>
<incidentId>030105120200915070611</incidentId>
<message>select CoursCrsId,CoursType,CoursBulletin,CoursFromPln,CouursToPln,CoursSupervisorInt,CoursSupervisorExt,CoursYear,CoursArea,CoursSection,CoursGenRept,CoursAreaRept,CoursLocation,CoursStatus from Courses where CoursId=? - </message>
</incident>
<incident>
<timestamp>15-09-2020 11:06:40</timestamp>
<incidentId>030105120200915400611</incidentId>
<message>select CoursCrsId,CoursType,CoursBulletin,CoursFromPln,CouursToPln,CoursSupervisorInt,CoursSupervisorExt,CoursYear,CoursArea,CoursSection,CoursGenRept,CoursAreaRept,CoursLocation,CoursStatus from Courses where CoursId=? - </message>
</incident>
<incident>
<timestamp>15-09-2020 11:09:17</timestamp>
<incidentId>030105120200915170911</incidentId>
<message>select CoursCrsId,CoursType,CoursBulletin,CoursFromPln,CouursToPln,CoursSupervisorInt,CoursSupervisorExt,CoursYear,CoursArea,CoursSection,CoursGenRept,CoursAreaRept,CoursLocation,CoursStatus from Courses where CoursId=? - </message>
</incident>
<incident>
<timestamp>20-09-2020 10:05:32</timestamp>
<incidentId>050103120200920100532</incidentId>
<message>INSERT INTO courseCompanies(crscmpCompany,crscmpCourse,crscmpPlanned) VALUES (?,?,?) - Duplicate entry '2-224' for key 'PRIMARY'</message>
</incident>
<incident>
<timestamp>21-09-2020 09:05:32</timestamp>
<incidentId>080103120200921090532</incidentId>
<message>insert into CoursLecs(CrslecCrsId,CrslecPrgId,CrslecTpcId,CrslecLecId) values(?,?,?,?) - Column 'CrslecPrgId' cannot be null</message>
</incident>
<incident>
<timestamp>21-09-2020 09:05:32</timestamp>
<incidentId>080103120200921090532</incidentId>
<message>insert into CoursLecs(CrslecCrsId,CrslecPrgId,CrslecTpcId,CrslecLecId) values(?,?,?,?) - Column 'CrslecPrgId' cannot be null</message>
</incident>
<incident>
<timestamp>21-09-2020 09:05:32</timestamp>
<incidentId>080103120200921090532</incidentId>
<message>insert into CoursLecs(CrslecCrsId,CrslecPrgId,CrslecTpcId,CrslecLecId) values(?,?,?,?) - Column 'CrslecPrgId' cannot be null</message>
</incident>
<incident>
<timestamp>21-09-2020 09:09:01</timestamp>
<incidentId>080103120200921090901</incidentId>
<message>insert into CoursLecs(CrslecCrsId,CrslecPrgId,CrslecTpcId,CrslecLecId) values(?,?,?,?) - Duplicate entry '224-1-1' for key 'PRIMARY'</message>
</incident>
<incident>
<timestamp>21-09-2020 09:09:01</timestamp>
<incidentId>080103120200921090901</incidentId>
<message>insert into CoursLecs(CrslecCrsId,CrslecPrgId,CrslecTpcId,CrslecLecId) values(?,?,?,?) - Duplicate entry '224-1-1' for key 'PRIMARY'</message>
</incident>
<incident>
<timestamp>21-09-2020 09:09:17</timestamp>
<incidentId>080103120200921090917</incidentId>
<message>insert into CoursLecs(CrslecCrsId,CrslecPrgId,CrslecTpcId,CrslecLecId) values(?,?,?,?) - Duplicate entry '224-1-1' for key 'PRIMARY'</message>
</incident>
<incident>
<timestamp>21-09-2020 09:09:17</timestamp>
<incidentId>080103120200921090917</incidentId>
<message>insert into CoursLecs(CrslecCrsId,CrslecPrgId,CrslecTpcId,CrslecLecId) values(?,?,?,?) - Duplicate entry '224-1-1' for key 'PRIMARY'</message>
</incident>
<incident>
<timestamp>24-09-2020 08:53:47</timestamp>
<incidentId>030105120200924085347</incidentId>
<message>select CoursCrsId,CoursType,CoursBulletin,CoursFromPln,CouursToPln,CoursSupervisorInt,CoursSupervisorExt,CoursYear,CoursArea,CoursSection,CoursGenRept,CoursAreaRept,CoursLocation,CoursStatus from Courses where CoursId=? - </message>
</incident>
<incident>
<timestamp>24-09-2020 09:00:06</timestamp>
<incidentId>030105120200924090006</incidentId>
<message>select CoursCrsId,CoursType,CoursBulletin,CoursFromPln,CouursToPln,CoursSupervisorInt,CoursSupervisorExt,CoursYear,CoursArea,CoursSection,CoursGenRept,CoursAreaRept,CoursLocation,CoursStatus from Courses where CoursId=? - </message>
</incident>
<incident>
<timestamp>25-10-2020 12:47:29</timestamp>
<incidentId>030105120201025124729</incidentId>
<message>select CoursCrsId,CoursType,CoursBulletin,CoursFromPln,CouursToPln,CoursSupervisorInt,CoursSupervisorExt,CoursYear,CoursArea,CoursSection,CoursGenRept,CoursAreaRept,CoursLocation,CoursStatus from Courses where CoursId=? - </message>
</incident>
<incident>
<timestamp>25-10-2020 12:47:48</timestamp>
<incidentId>030105120201025124748</incidentId>
<message>select CoursCrsId,CoursType,CoursBulletin,CoursFromPln,CouursToPln,CoursSupervisorInt,CoursSupervisorExt,CoursYear,CoursArea,CoursSection,CoursGenRept,CoursAreaRept,CoursLocation,CoursStatus from Courses where CoursId=? - </message>
</incident>
<incident>
<timestamp>26-04-2021 13:42:43</timestamp>
<incidentId>0501011020210426134243</incidentId>
<message>INSERT INTO CourseLecHours(clhLecId,clhCrsId,clhHours) VALUES (?,?,?) - Unknown column 'clhHours' in 'field list'</message>
</incident>
<incident>
<timestamp>05-05-2021 11:01:33</timestamp>
<incidentId>0301051020210505110133</incidentId>
<message>select CoursCrsId,CoursType,CoursBulletin,CoursFromPln,CouursToPln,CoursSupervisorInt,CoursSupervisorExt,CoursYear,CoursArea,CoursSection,CoursGenRept,CoursAreaRept,CoursLocation,CoursStatus from Courses where CoursId=? - </message>
</incident>
<incident>
<timestamp>05-05-2021 11:02:40</timestamp>
<incidentId>0301051020210505110240</incidentId>
<message>select CoursCrsId,CoursType,CoursBulletin,CoursFromPln,CouursToPln,CoursSupervisorInt,CoursSupervisorExt,CoursYear,CoursArea,CoursSection,CoursGenRept,CoursAreaRept,CoursLocation,CoursStatus from Courses where CoursId=? - </message>
</incident>
<incident>
<timestamp>05-05-2021 11:05:23</timestamp>
<incidentId>0301051020210505110523</incidentId>
<message>select CoursCrsId,CoursType,CoursBulletin,CoursFromPln,CouursToPln,CoursSupervisorInt,CoursSupervisorExt,CoursYear,CoursArea,CoursSection,CoursGenRept,CoursAreaRept,CoursLocation,CoursStatus from Courses where CoursId=? - </message>
</incident>
<incident>
<timestamp>05-05-2021 11:05:46</timestamp>
<incidentId>0301051020210505110546</incidentId>
<message>select CoursCrsId,CoursType,CoursBulletin,CoursFromPln,CouursToPln,CoursSupervisorInt,CoursSupervisorExt,CoursYear,CoursArea,CoursSection,CoursGenRept,CoursAreaRept,CoursLocation,CoursStatus from Courses where CoursId=? - </message>
</incident>
<incident>
<timestamp>05-05-2021 11:28:44</timestamp>
<incidentId>0301051020210505112844</incidentId>
<message>select CoursCrsId,CoursType,CoursBulletin,CoursFromPln,CouursToPln,CoursSupervisorInt,CoursSupervisorExt,CoursYear,CoursArea,CoursSection,CoursGenRept,CoursAreaRept,CoursLocation,CoursStatus from Courses where CoursId=? - </message>
</incident>
<incident>
<timestamp>05-05-2021 11:29:17</timestamp>
<incidentId>0301051020210505112917</incidentId>
<message>select CoursCrsId,CoursType,CoursBulletin,CoursFromPln,CouursToPln,CoursSupervisorInt,CoursSupervisorExt,CoursYear,CoursArea,CoursSection,CoursGenRept,CoursAreaRept,CoursLocation,CoursStatus from Courses where CoursId=? - </message>
</incident>
<incident>
<timestamp>05-05-2021 12:18:05</timestamp>
<incidentId>0301051020210505121805</incidentId>
<message>select CoursCrsId,CoursType,CoursBulletin,CoursFromPln,CouursToPln,CoursSupervisorInt,CoursSupervisorExt,CoursYear,CoursArea,CoursSection,CoursGenRept,CoursAreaRept,CoursLocation,CoursStatus from Courses where CoursId=? - </message>
</incident>
<incident>
<timestamp>05-05-2021 12:18:13</timestamp>
<incidentId>0301051020210505121813</incidentId>
<message>select CoursCrsId,CoursType,CoursBulletin,CoursFromPln,CouursToPln,CoursSupervisorInt,CoursSupervisorExt,CoursYear,CoursArea,CoursSection,CoursGenRept,CoursAreaRept,CoursLocation,CoursStatus from Courses where CoursId=? - </message>
</incident>
<incident>
<timestamp>05-05-2021 12:21:18</timestamp>
<incidentId>0301051020210505122118</incidentId>
<message>select CoursCrsId,CoursType,CoursBulletin,CoursFromPln,CouursToPln,CoursSupervisorInt,CoursSupervisorExt,CoursYear,CoursArea,CoursSection,CoursGenRept,CoursAreaRept,CoursLocation,CoursStatus from Courses where CoursId=? - </message>
</incident>
<incident>
<timestamp>05-05-2021 14:50:36</timestamp>
<incidentId>0301051020210505145036</incidentId>
<message>select CoursCrsId,CoursType,CoursBulletin,CoursFromPln,CouursToPln,CoursSupervisorInt,CoursSupervisorExt,CoursYear,CoursArea,CoursSection,CoursGenRept,CoursAreaRept,CoursLocation,CoursStatus from Courses where CoursId=? - </message>
</incident>
<incident>
<timestamp>05-05-2021 14:53:03</timestamp>
<incidentId>0301051020210505145303</incidentId>
<message>select CoursCrsId,CoursType,CoursBulletin,CoursFromPln,CouursToPln,CoursSupervisorInt,CoursSupervisorExt,CoursYear,CoursArea,CoursSection,CoursGenRept,CoursAreaRept,CoursLocation,CoursStatus from Courses where CoursId=? - </message>
</incident>
<incident>
<timestamp>05-05-2021 14:53:32</timestamp>
<incidentId>0301051020210505145332</incidentId>
<message>select CoursCrsId,CoursType,CoursBulletin,CoursFromPln,CouursToPln,CoursSupervisorInt,CoursSupervisorExt,CoursYear,CoursArea,CoursSection,CoursGenRept,CoursAreaRept,CoursLocation,CoursStatus from Courses where CoursId=? - </message>
</incident>
<incident>
<timestamp>05-05-2021 14:53:58</timestamp>
<incidentId>0301051020210505145358</incidentId>
<message>select CoursCrsId,CoursType,CoursBulletin,CoursFromPln,CouursToPln,CoursSupervisorInt,CoursSupervisorExt,CoursYear,CoursArea,CoursSection,CoursGenRept,CoursAreaRept,CoursLocation,CoursStatus from Courses where CoursId=? - </message>
</incident>
<incident>
<timestamp>05-05-2021 14:54:43</timestamp>
<incidentId>0301051020210505145443</incidentId>
<message>select CoursCrsId,CoursType,CoursBulletin,CoursFromPln,CouursToPln,CoursSupervisorInt,CoursSupervisorExt,CoursYear,CoursArea,CoursSection,CoursGenRept,CoursAreaRept,CoursLocation,CoursStatus from Courses where CoursId=? - </message>
</incident>
<incident>
<timestamp>05-05-2021 14:59:35</timestamp>
<incidentId>0301051020210505145935</incidentId>
<message>select CoursCrsId,CoursType,CoursBulletin,CoursFromPln,CouursToPln,CoursSupervisorInt,CoursSupervisorExt,CoursYear,CoursArea,CoursSection,CoursGenRept,CoursAreaRept,CoursLocation,CoursStatus from Courses where CoursId=? - </message>
</incident>
<incident>
<timestamp>06-05-2021 11:40:52</timestamp>
<incidentId>0301051020210506114052</incidentId>
<message>select CoursCrsId,CoursType,CoursBulletin,CoursFromPln,CouursToPln,CoursSupervisorInt,CoursSupervisorExt,CoursYear,CoursArea,CoursSection,CoursGenRept,CoursAreaRept,CoursLocation,CoursStatus from Courses where CoursId=? - </message>
</incident>
<incident>
<timestamp>06-05-2021 11:41:26</timestamp>
<incidentId>0301051020210506114126</incidentId>
<message>select CoursCrsId,CoursType,CoursBulletin,CoursFromPln,CouursToPln,CoursSupervisorInt,CoursSupervisorExt,CoursYear,CoursArea,CoursSection,CoursGenRept,CoursAreaRept,CoursLocation,CoursStatus from Courses where CoursId=? - </message>
</incident>
<incident>
<timestamp>06-05-2021 11:41:57</timestamp>
<incidentId>0301051020210506114157</incidentId>
<message>select CoursCrsId,CoursType,CoursBulletin,CoursFromPln,CouursToPln,CoursSupervisorInt,CoursSupervisorExt,CoursYear,CoursArea,CoursSection,CoursGenRept,CoursAreaRept,CoursLocation,CoursStatus from Courses where CoursId=? - </message>
</incident>
<incident>
<timestamp>06-05-2021 11:42:22</timestamp>
<incidentId>0301051020210506114222</incidentId>
<message>select CoursCrsId,CoursType,CoursBulletin,CoursFromPln,CouursToPln,CoursSupervisorInt,CoursSupervisorExt,CoursYear,CoursArea,CoursSection,CoursGenRept,CoursAreaRept,CoursLocation,CoursStatus from Courses where CoursId=? - </message>
</incident>
<incident>
<timestamp>06-05-2021 11:42:42</timestamp>
<incidentId>0301051020210506114242</incidentId>
<message>select CoursCrsId,CoursType,CoursBulletin,CoursFromPln,CouursToPln,CoursSupervisorInt,CoursSupervisorExt,CoursYear,CoursArea,CoursSection,CoursGenRept,CoursAreaRept,CoursLocation,CoursStatus from Courses where CoursId=? - </message>
</incident>
<incident>
<timestamp>06-05-2021 11:44:06</timestamp>
<incidentId>0301051020210506114406</incidentId>
<message>select CoursCrsId,CoursType,CoursBulletin,CoursFromPln,CouursToPln,CoursSupervisorInt,CoursSupervisorExt,CoursYear,CoursArea,CoursSection,CoursGenRept,CoursAreaRept,CoursLocation,CoursStatus from Courses where CoursId=? - </message>
</incident>
<incident>
<timestamp>06-05-2021 11:44:24</timestamp>
<incidentId>0301051020210506114424</incidentId>
<message>select CoursCrsId,CoursType,CoursBulletin,CoursFromPln,CouursToPln,CoursSupervisorInt,CoursSupervisorExt,CoursYear,CoursArea,CoursSection,CoursGenRept,CoursAreaRept,CoursLocation,CoursStatus from Courses where CoursId=? - </message>
</incident>
<incident>
<timestamp>06-05-2021 11:45:14</timestamp>
<incidentId>0301051020210506114514</incidentId>
<message>select CoursCrsId,CoursType,CoursBulletin,CoursFromPln,CouursToPln,CoursSupervisorInt,CoursSupervisorExt,CoursYear,CoursArea,CoursSection,CoursGenRept,CoursAreaRept,CoursLocation,CoursStatus from Courses where CoursId=? - </message>
</incident>
<incident>
<timestamp>06-05-2021 11:46:37</timestamp>
<incidentId>0301051020210506114637</incidentId>
<message>select CoursCrsId,CoursType,CoursBulletin,CoursFromPln,CouursToPln,CoursSupervisorInt,CoursSupervisorExt,CoursYear,CoursArea,CoursSection,CoursGenRept,CoursAreaRept,CoursLocation,CoursStatus from Courses where CoursId=? - </message>
</incident>
<incident>
<timestamp>06-05-2021 12:33:18</timestamp>
<incidentId>0301051020210506123318</incidentId>
<message>select CoursCrsId,CoursType,CoursBulletin,CoursFromPln,CouursToPln,CoursSupervisorInt,CoursSupervisorExt,CoursYear,CoursArea,CoursSection,CoursGenRept,CoursAreaRept,CoursLocation,CoursStatus from Courses where CoursId=? - </message>
</incident>
<incident>
<timestamp>06-05-2021 12:33:32</timestamp>
<incidentId>0301051020210506123332</incidentId>
<message>select CoursCrsId,CoursType,CoursBulletin,CoursFromPln,CouursToPln,CoursSupervisorInt,CoursSupervisorExt,CoursYear,CoursArea,CoursSection,CoursGenRept,CoursAreaRept,CoursLocation,CoursStatus from Courses where CoursId=? - </message>
</incident>
<incident>
<timestamp>06-05-2021 12:33:40</timestamp>
<incidentId>0301051020210506123340</incidentId>
<message>select CoursCrsId,CoursType,CoursBulletin,CoursFromPln,CouursToPln,CoursSupervisorInt,CoursSupervisorExt,CoursYear,CoursArea,CoursSection,CoursGenRept,CoursAreaRept,CoursLocation,CoursStatus from Courses where CoursId=? - </message>
</incident>
<incident>
<timestamp>06-05-2021 12:34:00</timestamp>
<incidentId>0301051020210506123400</incidentId>
<message>select CoursCrsId,CoursType,CoursBulletin,CoursFromPln,CouursToPln,CoursSupervisorInt,CoursSupervisorExt,CoursYear,CoursArea,CoursSection,CoursGenRept,CoursAreaRept,CoursLocation,CoursStatus from Courses where CoursId=? - </message>
</incident>
<incident>
<timestamp>06-05-2021 12:34:12</timestamp>
<incidentId>0301051020210506123412</incidentId>
<message>select CoursCrsId,CoursType,CoursBulletin,CoursFromPln,CouursToPln,CoursSupervisorInt,CoursSupervisorExt,CoursYear,CoursArea,CoursSection,CoursGenRept,CoursAreaRept,CoursLocation,CoursStatus from Courses where CoursId=? - </message>
</incident>
<incident>
<timestamp>06-05-2021 12:37:36</timestamp>
<incidentId>0301051020210506123736</incidentId>
<message>select CoursCrsId,CoursType,CoursBulletin,CoursFromPln,CouursToPln,CoursSupervisorInt,CoursSupervisorExt,CoursYear,CoursArea,CoursSection,CoursGenRept,CoursAreaRept,CoursLocation,CoursStatus from Courses where CoursId=? - </message>
</incident>
<incident>
<timestamp>06-05-2021 12:37:38</timestamp>
<incidentId>0301051020210506123738</incidentId>
<message>select CoursCrsId,CoursType,CoursBulletin,CoursFromPln,CouursToPln,CoursSupervisorInt,CoursSupervisorExt,CoursYear,CoursArea,CoursSection,CoursGenRept,CoursAreaRept,CoursLocation,CoursStatus from Courses where CoursId=? - </message>
</incident>
<incident>
<timestamp>06-05-2021 12:37:48</timestamp>
<incidentId>0301051020210506123748</incidentId>
<message>select CoursCrsId,CoursType,CoursBulletin,CoursFromPln,CouursToPln,CoursSupervisorInt,CoursSupervisorExt,CoursYear,CoursArea,CoursSection,CoursGenRept,CoursAreaRept,CoursLocation,CoursStatus from Courses where CoursId=? - </message>
</incident>
<incident>
<timestamp>06-05-2021 12:38:02</timestamp>
<incidentId>0301051020210506123802</incidentId>
<message>select CoursCrsId,CoursType,CoursBulletin,CoursFromPln,CouursToPln,CoursSupervisorInt,CoursSupervisorExt,CoursYear,CoursArea,CoursSection,CoursGenRept,CoursAreaRept,CoursLocation,CoursStatus from Courses where CoursId=? - </message>
</incident>
<incident>
<timestamp>06-05-2021 12:38:02</timestamp>
<incidentId>0301051020210506123802</incidentId>
<message>select CoursCrsId,CoursType,CoursBulletin,CoursFromPln,CouursToPln,CoursSupervisorInt,CoursSupervisorExt,CoursYear,CoursArea,CoursSection,CoursGenRept,CoursAreaRept,CoursLocation,CoursStatus from Courses where CoursId=? - </message>
</incident>
<incident>
<timestamp>06-05-2021 12:38:44</timestamp>
<incidentId>0301051020210506123844</incidentId>
<message>select CoursCrsId,CoursType,CoursBulletin,CoursFromPln,CouursToPln,CoursSupervisorInt,CoursSupervisorExt,CoursYear,CoursArea,CoursSection,CoursGenRept,CoursAreaRept,CoursLocation,CoursStatus from Courses where CoursId=? - </message>
</incident>
<incident>
<timestamp>06-05-2021 12:38:46</timestamp>
<incidentId>0301051020210506123846</incidentId>
<message>select CoursCrsId,CoursType,CoursBulletin,CoursFromPln,CouursToPln,CoursSupervisorInt,CoursSupervisorExt,CoursYear,CoursArea,CoursSection,CoursGenRept,CoursAreaRept,CoursLocation,CoursStatus from Courses where CoursId=? - </message>
</incident>
<incident>
<timestamp>06-05-2021 12:39:26</timestamp>
<incidentId>0301051020210506123926</incidentId>
<message>select CoursCrsId,CoursType,CoursBulletin,CoursFromPln,CouursToPln,CoursSupervisorInt,CoursSupervisorExt,CoursYear,CoursArea,CoursSection,CoursGenRept,CoursAreaRept,CoursLocation,CoursStatus from Courses where CoursId=? - </message>
</incident>
<incident>
<timestamp>06-05-2021 12:39:28</timestamp>
<incidentId>0301051020210506123928</incidentId>
<message>select CoursCrsId,CoursType,CoursBulletin,CoursFromPln,CouursToPln,CoursSupervisorInt,CoursSupervisorExt,CoursYear,CoursArea,CoursSection,CoursGenRept,CoursAreaRept,CoursLocation,CoursStatus from Courses where CoursId=? - </message>
</incident>
<incident>
<timestamp>06-05-2021 12:39:30</timestamp>
<incidentId>0301051020210506123930</incidentId>
<message>select CoursCrsId,CoursType,CoursBulletin,CoursFromPln,CouursToPln,CoursSupervisorInt,CoursSupervisorExt,CoursYear,CoursArea,CoursSection,CoursGenRept,CoursAreaRept,CoursLocation,CoursStatus from Courses where CoursId=? - </message>
</incident>
<incident>
<timestamp>06-05-2021 12:40:43</timestamp>
<incidentId>0301051020210506124043</incidentId>
<message>select CoursCrsId,CoursType,CoursBulletin,CoursFromPln,CouursToPln,CoursSupervisorInt,CoursSupervisorExt,CoursYear,CoursArea,CoursSection,CoursGenRept,CoursAreaRept,CoursLocation,CoursStatus from Courses where CoursId=? - </message>
</incident>
<incident>
<timestamp>06-05-2021 12:43:07</timestamp>
<incidentId>0301051020210506124307</incidentId>
<message>select CoursCrsId,CoursType,CoursBulletin,CoursFromPln,CouursToPln,CoursSupervisorInt,CoursSupervisorExt,CoursYear,CoursArea,CoursSection,CoursGenRept,CoursAreaRept,CoursLocation,CoursStatus from Courses where CoursId=? - </message>
</incident>
<incident>
<timestamp>06-05-2021 12:43:10</timestamp>
<incidentId>0301051020210506124310</incidentId>
<message>select CoursCrsId,CoursType,CoursBulletin,CoursFromPln,CouursToPln,CoursSupervisorInt,CoursSupervisorExt,CoursYear,CoursArea,CoursSection,CoursGenRept,CoursAreaRept,CoursLocation,CoursStatus from Courses where CoursId=? - </message>
</incident>
<incident>
<timestamp>06-05-2021 12:43:12</timestamp>
<incidentId>0301051020210506124312</incidentId>
<message>select CoursCrsId,CoursType,CoursBulletin,CoursFromPln,CouursToPln,CoursSupervisorInt,CoursSupervisorExt,CoursYear,CoursArea,CoursSection,CoursGenRept,CoursAreaRept,CoursLocation,CoursStatus from Courses where CoursId=? - </message>
</incident>
<incident>
<timestamp>06-05-2021 12:43:17</timestamp>
<incidentId>0301051020210506124317</incidentId>
<message>select CoursCrsId,CoursType,CoursBulletin,CoursFromPln,CouursToPln,CoursSupervisorInt,CoursSupervisorExt,CoursYear,CoursArea,CoursSection,CoursGenRept,CoursAreaRept,CoursLocation,CoursStatus from Courses where CoursId=? - </message>
</incident>
<incident>
<timestamp>06-05-2021 12:43:18</timestamp>
<incidentId>0301051020210506124318</incidentId>
<message>select CoursCrsId,CoursType,CoursBulletin,CoursFromPln,CouursToPln,CoursSupervisorInt,CoursSupervisorExt,CoursYear,CoursArea,CoursSection,CoursGenRept,CoursAreaRept,CoursLocation,CoursStatus from Courses where CoursId=? - </message>
</incident>
<incident>
<timestamp>06-05-2021 12:44:03</timestamp>
<incidentId>0301051020210506124403</incidentId>
<message>select CoursCrsId,CoursType,CoursBulletin,CoursFromPln,CouursToPln,CoursSupervisorInt,CoursSupervisorExt,CoursYear,CoursArea,CoursSection,CoursGenRept,CoursAreaRept,CoursLocation,CoursStatus from Courses where CoursId=? - </message>
</incident>
<incident>
<timestamp>06-05-2021 12:44:03</timestamp>
<incidentId>0301051020210506124403</incidentId>
<message>select CoursCrsId,CoursType,CoursBulletin,CoursFromPln,CouursToPln,CoursSupervisorInt,CoursSupervisorExt,CoursYear,CoursArea,CoursSection,CoursGenRept,CoursAreaRept,CoursLocation,CoursStatus from Courses where CoursId=? - </message>
</incident>
<incident>
<timestamp>06-05-2021 12:44:04</timestamp>
<incidentId>0301051020210506124404</incidentId>
<message>select CoursCrsId,CoursType,CoursBulletin,CoursFromPln,CouursToPln,CoursSupervisorInt,CoursSupervisorExt,CoursYear,CoursArea,CoursSection,CoursGenRept,CoursAreaRept,CoursLocation,CoursStatus from Courses where CoursId=? - </message>
</incident>
<incident>
<timestamp>06-05-2021 12:44:04</timestamp>
<incidentId>0301051020210506124404</incidentId>
<message>select CoursCrsId,CoursType,CoursBulletin,CoursFromPln,CouursToPln,CoursSupervisorInt,CoursSupervisorExt,CoursYear,CoursArea,CoursSection,CoursGenRept,CoursAreaRept,CoursLocation,CoursStatus from Courses where CoursId=? - </message>
</incident>
<incident>
<timestamp>06-05-2021 12:44:04</timestamp>
<incidentId>0301051020210506124404</incidentId>
<message>select CoursCrsId,CoursType,CoursBulletin,CoursFromPln,CouursToPln,CoursSupervisorInt,CoursSupervisorExt,CoursYear,CoursArea,CoursSection,CoursGenRept,CoursAreaRept,CoursLocation,CoursStatus from Courses where CoursId=? - </message>
</incident>
<incident>
<timestamp>06-05-2021 12:44:04</timestamp>
<incidentId>0301051020210506124404</incidentId>
<message>select CoursCrsId,CoursType,CoursBulletin,CoursFromPln,CouursToPln,CoursSupervisorInt,CoursSupervisorExt,CoursYear,CoursArea,CoursSection,CoursGenRept,CoursAreaRept,CoursLocation,CoursStatus from Courses where CoursId=? - </message>
</incident>
<incident>
<timestamp>06-05-2021 12:44:05</timestamp>
<incidentId>0301051020210506124405</incidentId>
<message>select CoursCrsId,CoursType,CoursBulletin,CoursFromPln,CouursToPln,CoursSupervisorInt,CoursSupervisorExt,CoursYear,CoursArea,CoursSection,CoursGenRept,CoursAreaRept,CoursLocation,CoursStatus from Courses where CoursId=? - </message>
</incident>
<incident>
<timestamp>06-05-2021 12:44:05</timestamp>
<incidentId>0301051020210506124405</incidentId>
<message>select CoursCrsId,CoursType,CoursBulletin,CoursFromPln,CouursToPln,CoursSupervisorInt,CoursSupervisorExt,CoursYear,CoursArea,CoursSection,CoursGenRept,CoursAreaRept,CoursLocation,CoursStatus from Courses where CoursId=? - </message>
</incident>
<incident>
<timestamp>06-05-2021 12:44:05</timestamp>
<incidentId>0301051020210506124405</incidentId>
<message>select CoursCrsId,CoursType,CoursBulletin,CoursFromPln,CouursToPln,CoursSupervisorInt,CoursSupervisorExt,CoursYear,CoursArea,CoursSection,CoursGenRept,CoursAreaRept,CoursLocation,CoursStatus from Courses where CoursId=? - </message>
</incident>
<incident>
<timestamp>06-05-2021 12:44:05</timestamp>
<incidentId>0301051020210506124405</incidentId>
<message>select CoursCrsId,CoursType,CoursBulletin,CoursFromPln,CouursToPln,CoursSupervisorInt,CoursSupervisorExt,CoursYear,CoursArea,CoursSection,CoursGenRept,CoursAreaRept,CoursLocation,CoursStatus from Courses where CoursId=? - </message>
</incident>
<incident>
<timestamp>06-05-2021 12:44:05</timestamp>
<incidentId>0301051020210506124405</incidentId>
<message>select CoursCrsId,CoursType,CoursBulletin,CoursFromPln,CouursToPln,CoursSupervisorInt,CoursSupervisorExt,CoursYear,CoursArea,CoursSection,CoursGenRept,CoursAreaRept,CoursLocation,CoursStatus from Courses where CoursId=? - </message>
</incident>
<incident>
<timestamp>06-05-2021 12:44:06</timestamp>
<incidentId>0301051020210506124406</incidentId>
<message>select CoursCrsId,CoursType,CoursBulletin,CoursFromPln,CouursToPln,CoursSupervisorInt,CoursSupervisorExt,CoursYear,CoursArea,CoursSection,CoursGenRept,CoursAreaRept,CoursLocation,CoursStatus from Courses where CoursId=? - </message>
</incident>
<incident>
<timestamp>06-05-2021 12:44:06</timestamp>
<incidentId>0301051020210506124406</incidentId>
<message>select CoursCrsId,CoursType,CoursBulletin,CoursFromPln,CouursToPln,CoursSupervisorInt,CoursSupervisorExt,CoursYear,CoursArea,CoursSection,CoursGenRept,CoursAreaRept,CoursLocation,CoursStatus from Courses where CoursId=? - </message>
</incident>
<incident>
<timestamp>06-05-2021 12:44:09</timestamp>
<incidentId>0301051020210506124409</incidentId>
<message>select CoursCrsId,CoursType,CoursBulletin,CoursFromPln,CouursToPln,CoursSupervisorInt,CoursSupervisorExt,CoursYear,CoursArea,CoursSection,CoursGenRept,CoursAreaRept,CoursLocation,CoursStatus from Courses where CoursId=? - </message>
</incident>
<incident>
<timestamp>06-05-2021 12:45:41</timestamp>
<incidentId>0301051020210506124541</incidentId>
<message>select CoursCrsId,CoursType,CoursBulletin,CoursFromPln,CouursToPln,CoursSupervisorInt,CoursSupervisorExt,CoursYear,CoursArea,CoursSection,CoursGenRept,CoursAreaRept,CoursLocation,CoursStatus from Courses where CoursId=? - </message>
</incident>
<incident>
<timestamp>06-05-2021 12:47:21</timestamp>
<incidentId>0301051020210506124721</incidentId>
<message>select CoursCrsId,CoursType,CoursBulletin,CoursFromPln,CouursToPln,CoursSupervisorInt,CoursSupervisorExt,CoursYear,CoursArea,CoursSection,CoursGenRept,CoursAreaRept,CoursLocation,CoursStatus from Courses where CoursId=? - </message>
</incident>
<incident>
<timestamp>06-05-2021 12:47:23</timestamp>
<incidentId>0301051020210506124723</incidentId>
<message>select CoursCrsId,CoursType,CoursBulletin,CoursFromPln,CouursToPln,CoursSupervisorInt,CoursSupervisorExt,CoursYear,CoursArea,CoursSection,CoursGenRept,CoursAreaRept,CoursLocation,CoursStatus from Courses where CoursId=? - </message>
</incident>
<incident>
<timestamp>06-05-2021 12:49:57</timestamp>
<incidentId>0301051020210506124957</incidentId>
<message>select CoursCrsId,CoursType,CoursBulletin,CoursFromPln,CouursToPln,CoursSupervisorInt,CoursSupervisorExt,CoursYear,CoursArea,CoursSection,CoursGenRept,CoursAreaRept,CoursLocation,CoursStatus from Courses where CoursId=? - </message>
</incident>
<incident>
<timestamp>06-05-2021 12:51:05</timestamp>
<incidentId>0301051020210506125105</incidentId>
<message>select CoursCrsId,CoursType,CoursBulletin,CoursFromPln,CouursToPln,CoursSupervisorInt,CoursSupervisorExt,CoursYear,CoursArea,CoursSection,CoursGenRept,CoursAreaRept,CoursLocation,CoursStatus from Courses where CoursId=? - </message>
</incident>
<incident>
<timestamp>06-05-2021 13:26:35</timestamp>
<incidentId>0301051020210506132635</incidentId>
<message>select CoursCrsId,CoursType,CoursBulletin,CoursFromPln,CouursToPln,CoursSupervisorInt,CoursSupervisorExt,CoursYear,CoursArea,CoursSection,CoursGenRept,CoursAreaRept,CoursLocation,CoursStatus from Courses where CoursId=? - </message>
</incident>
<incident>
<timestamp>06-05-2021 13:28:14</timestamp>
<incidentId>0301051020210506132814</incidentId>
<message>select CoursCrsId,CoursType,CoursBulletin,CoursFromPln,CouursToPln,CoursSupervisorInt,CoursSupervisorExt,CoursYear,CoursArea,CoursSection,CoursGenRept,CoursAreaRept,CoursLocation,CoursStatus from Courses where CoursId=? - </message>
</incident>
<incident>
<timestamp>06-05-2021 14:40:06</timestamp>
<incidentId>0301051020210506144006</incidentId>
<message>select CoursCrsId,CoursType,CoursBulletin,CoursFromPln,CouursToPln,CoursSupervisorInt,CoursSupervisorExt,CoursYear,CoursArea,CoursSection,CoursGenRept,CoursAreaRept,CoursLocation,CoursStatus from Courses where CoursId=? - </message>
</incident>
<incident>
<timestamp>06-05-2021 14:41:04</timestamp>
<incidentId>0301051020210506144104</incidentId>
<message>select CoursCrsId,CoursType,CoursBulletin,CoursFromPln,CouursToPln,CoursSupervisorInt,CoursSupervisorExt,CoursYear,CoursArea,CoursSection,CoursGenRept,CoursAreaRept,CoursLocation,CoursStatus from Courses where CoursId=? - </message>
</incident>
<incident>
<timestamp>06-05-2021 14:42:10</timestamp>
<incidentId>0301051020210506144210</incidentId>
<message>select CoursCrsId,CoursType,CoursBulletin,CoursFromPln,CouursToPln,CoursSupervisorInt,CoursSupervisorExt,CoursYear,CoursArea,CoursSection,CoursGenRept,CoursAreaRept,CoursLocation,CoursStatus from Courses where CoursId=? - </message>
</incident>
<incident>
<timestamp>06-05-2021 14:43:35</timestamp>
<incidentId>0301051020210506144335</incidentId>
<message>select CoursCrsId,CoursType,CoursBulletin,CoursFromPln,CouursToPln,CoursSupervisorInt,CoursSupervisorExt,CoursYear,CoursArea,CoursSection,CoursGenRept,CoursAreaRept,CoursLocation,CoursStatus from Courses where CoursId=? - </message>
</incident>
<incident>
<timestamp>06-05-2021 14:44:46</timestamp>
<incidentId>0301051020210506144446</incidentId>
<message>select CoursCrsId,CoursType,CoursBulletin,CoursFromPln,CouursToPln,CoursSupervisorInt,CoursSupervisorExt,CoursYear,CoursArea,CoursSection,CoursGenRept,CoursAreaRept,CoursLocation,CoursStatus from Courses where CoursId=? - </message>
</incident>
<incident>
<timestamp>06-05-2021 14:45:41</timestamp>
<incidentId>0301051020210506144541</incidentId>
<message>select CoursCrsId,CoursType,CoursBulletin,CoursFromPln,CouursToPln,CoursSupervisorInt,CoursSupervisorExt,CoursYear,CoursArea,CoursSection,CoursGenRept,CoursAreaRept,CoursLocation,CoursStatus from Courses where CoursId=? - </message>
</incident>
<incident>
<timestamp>06-05-2021 14:46:56</timestamp>
<incidentId>0301051020210506144656</incidentId>
<message>select CoursCrsId,CoursType,CoursBulletin,CoursFromPln,CouursToPln,CoursSupervisorInt,CoursSupervisorExt,CoursYear,CoursArea,CoursSection,CoursGenRept,CoursAreaRept,CoursLocation,CoursStatus from Courses where CoursId=? - </message>
</incident>
<incident>
<timestamp>06-05-2021 14:47:32</timestamp>
<incidentId>0301051020210506144732</incidentId>
<message>select CoursCrsId,CoursType,CoursBulletin,CoursFromPln,CouursToPln,CoursSupervisorInt,CoursSupervisorExt,CoursYear,CoursArea,CoursSection,CoursGenRept,CoursAreaRept,CoursLocation,CoursStatus from Courses where CoursId=? - </message>
</incident>
<incident>
<timestamp>06-05-2021 14:47:38</timestamp>
<incidentId>0301051020210506144738</incidentId>
<message>select CoursCrsId,CoursType,CoursBulletin,CoursFromPln,CouursToPln,CoursSupervisorInt,CoursSupervisorExt,CoursYear,CoursArea,CoursSection,CoursGenRept,CoursAreaRept,CoursLocation,CoursStatus from Courses where CoursId=? - </message>
</incident>
<incident>
<timestamp>06-05-2021 14:49:49</timestamp>
<incidentId>0301051020210506144949</incidentId>
<message>select CoursCrsId,CoursType,CoursBulletin,CoursFromPln,CouursToPln,CoursSupervisorInt,CoursSupervisorExt,CoursYear,CoursArea,CoursSection,CoursGenRept,CoursAreaRept,CoursLocation,CoursStatus from Courses where CoursId=? - </message>
</incident>
<incident>
<timestamp>06-05-2021 14:51:09</timestamp>
<incidentId>0301051020210506145109</incidentId>
<message>select CoursCrsId,CoursType,CoursBulletin,CoursFromPln,CouursToPln,CoursSupervisorInt,CoursSupervisorExt,CoursYear,CoursArea,CoursSection,CoursGenRept,CoursAreaRept,CoursLocation,CoursStatus from Courses where CoursId=? - </message>
</incident>
<incident>
<timestamp>06-05-2021 14:52:27</timestamp>
<incidentId>0301051020210506145227</incidentId>
<message>select CoursCrsId,CoursType,CoursBulletin,CoursFromPln,CouursToPln,CoursSupervisorInt,CoursSupervisorExt,CoursYear,CoursArea,CoursSection,CoursGenRept,CoursAreaRept,CoursLocation,CoursStatus from Courses where CoursId=? - </message>
</incident>
<incident>
<timestamp>06-05-2021 14:52:30</timestamp>
<incidentId>0301051020210506145230</incidentId>
<message>select CoursCrsId,CoursType,CoursBulletin,CoursFromPln,CouursToPln,CoursSupervisorInt,CoursSupervisorExt,CoursYear,CoursArea,CoursSection,CoursGenRept,CoursAreaRept,CoursLocation,CoursStatus from Courses where CoursId=? - </message>
</incident>
<incident>
<timestamp>06-05-2021 14:52:31</timestamp>
<incidentId>0301051020210506145231</incidentId>
<message>select CoursCrsId,CoursType,CoursBulletin,CoursFromPln,CouursToPln,CoursSupervisorInt,CoursSupervisorExt,CoursYear,CoursArea,CoursSection,CoursGenRept,CoursAreaRept,CoursLocation,CoursStatus from Courses where CoursId=? - </message>
</incident>
<incident>
<timestamp>06-05-2021 14:52:31</timestamp>
<incidentId>0301051020210506145231</incidentId>
<message>select CoursCrsId,CoursType,CoursBulletin,CoursFromPln,CouursToPln,CoursSupervisorInt,CoursSupervisorExt,CoursYear,CoursArea,CoursSection,CoursGenRept,CoursAreaRept,CoursLocation,CoursStatus from Courses where CoursId=? - </message>
</incident>
<incident>
<timestamp>06-05-2021 14:52:31</timestamp>
<incidentId>0301051020210506145231</incidentId>
<message>select CoursCrsId,CoursType,CoursBulletin,CoursFromPln,CouursToPln,CoursSupervisorInt,CoursSupervisorExt,CoursYear,CoursArea,CoursSection,CoursGenRept,CoursAreaRept,CoursLocation,CoursStatus from Courses where CoursId=? - </message>
</incident>
<incident>
<timestamp>06-05-2021 14:52:32</timestamp>
<incidentId>0301051020210506145232</incidentId>
<message>select CoursCrsId,CoursType,CoursBulletin,CoursFromPln,CouursToPln,CoursSupervisorInt,CoursSupervisorExt,CoursYear,CoursArea,CoursSection,CoursGenRept,CoursAreaRept,CoursLocation,CoursStatus from Courses where CoursId=? - </message>
</incident>
<incident>
<timestamp>06-05-2021 14:52:38</timestamp>
<incidentId>0301051020210506145238</incidentId>
<message>select CoursCrsId,CoursType,CoursBulletin,CoursFromPln,CouursToPln,CoursSupervisorInt,CoursSupervisorExt,CoursYear,CoursArea,CoursSection,CoursGenRept,CoursAreaRept,CoursLocation,CoursStatus from Courses where CoursId=? - </message>
</incident>
<incident>
<timestamp>06-05-2021 14:52:38</timestamp>
<incidentId>0301051020210506145238</incidentId>
<message>select CoursCrsId,CoursType,CoursBulletin,CoursFromPln,CouursToPln,CoursSupervisorInt,CoursSupervisorExt,CoursYear,CoursArea,CoursSection,CoursGenRept,CoursAreaRept,CoursLocation,CoursStatus from Courses where CoursId=? - </message>
</incident>
<incident>
<timestamp>06-05-2021 14:54:00</timestamp>
<incidentId>0301051020210506145400</incidentId>
<message>select CoursCrsId,CoursType,CoursBulletin,CoursFromPln,CouursToPln,CoursSupervisorInt,CoursSupervisorExt,CoursYear,CoursArea,CoursSection,CoursGenRept,CoursAreaRept,CoursLocation,CoursStatus from Courses where CoursId=? - </message>
</incident>
<incident>
<timestamp>06-05-2021 14:54:05</timestamp>
<incidentId>0301051020210506145405</incidentId>
<message>select CoursCrsId,CoursType,CoursBulletin,CoursFromPln,CouursToPln,CoursSupervisorInt,CoursSupervisorExt,CoursYear,CoursArea,CoursSection,CoursGenRept,CoursAreaRept,CoursLocation,CoursStatus from Courses where CoursId=? - </message>
</incident>
<incident>
<timestamp>09-05-2021 13:12:02</timestamp>
<incidentId>0301051020210509131202</incidentId>
<message>select CoursCrsId,CoursType,CoursBulletin,CoursFromPln,CouursToPln,CoursSupervisorInt,CoursSupervisorExt,CoursYear,CoursArea,CoursSection,CoursGenRept,CoursAreaRept,CoursLocation,CoursStatus from Courses where CoursId=? - </message>
</incident>
<incident>
<timestamp>09-05-2021 13:13:21</timestamp>
<incidentId>0301051020210509131321</incidentId>
<message>select CoursCrsId,CoursType,CoursBulletin,CoursFromPln,CouursToPln,CoursSupervisorInt,CoursSupervisorExt,CoursYear,CoursArea,CoursSection,CoursGenRept,CoursAreaRept,CoursLocation,CoursStatus from Courses where CoursId=? - </message>
</incident>
<incident>
<timestamp>09-05-2021 13:13:23</timestamp>
<incidentId>0301051020210509131323</incidentId>
<message>select CoursCrsId,CoursType,CoursBulletin,CoursFromPln,CouursToPln,CoursSupervisorInt,CoursSupervisorExt,CoursYear,CoursArea,CoursSection,CoursGenRept,CoursAreaRept,CoursLocation,CoursStatus from Courses where CoursId=? - </message>
</incident>
<incident>
<timestamp>09-05-2021 13:15:05</timestamp>
<incidentId>0301051020210509131505</incidentId>
<message>select CoursCrsId,CoursType,CoursBulletin,CoursFromPln,CouursToPln,CoursSupervisorInt,CoursSupervisorExt,CoursYear,CoursArea,CoursSection,CoursGenRept,CoursAreaRept,CoursLocation,CoursStatus from Courses where CoursId=? - </message>
</incident>
<incident>
<timestamp>09-05-2021 13:15:08</timestamp>
<incidentId>0301051020210509131508</incidentId>
<message>select CoursCrsId,CoursType,CoursBulletin,CoursFromPln,CouursToPln,CoursSupervisorInt,CoursSupervisorExt,CoursYear,CoursArea,CoursSection,CoursGenRept,CoursAreaRept,CoursLocation,CoursStatus from Courses where CoursId=? - </message>
</incident>
<incident>
<timestamp>09-05-2021 13:39:19</timestamp>
<incidentId>0301051020210509133919</incidentId>
<message>select CoursCrsId,CoursType,CoursBulletin,CoursFromPln,CouursToPln,CoursSupervisorInt,CoursSupervisorExt,CoursYear,CoursArea,CoursSection,CoursGenRept,CoursAreaRept,CoursLocation,CoursStatus from Courses where CoursId=? - </message>
</incident>
<incident>
<timestamp>09-05-2021 13:39:30</timestamp>
<incidentId>0301051020210509133930</incidentId>
<message>select CoursCrsId,CoursType,CoursBulletin,CoursFromPln,CouursToPln,CoursSupervisorInt,CoursSupervisorExt,CoursYear,CoursArea,CoursSection,CoursGenRept,CoursAreaRept,CoursLocation,CoursStatus from Courses where CoursId=? - </message>
</incident>
<incident>
<timestamp>09-05-2021 13:39:30</timestamp>
<incidentId>0501031020210509133930</incidentId>
<message>INSERT INTO Trainees (TrnName,TrnAddress,TrnTels,TrnCo,TrnIdNo) VALUES (?,?,?,?,?) - Cannot add or update a child row: a foreign key constraint fails (`pti`.`Trainees`, CONSTRAINT `fk_Trainees_companies1` FOREIGN KEY (`TrnCo`) REFERENCES `companies` (`cmpId`) ON DELETE CASCADE ON UPDATE CASCADE)</message>
</incident>
<incident>
<timestamp>09-05-2021 13:40:55</timestamp>
<incidentId>0301051020210509134055</incidentId>
<message>select CoursCrsId,CoursType,CoursBulletin,CoursFromPln,CouursToPln,CoursSupervisorInt,CoursSupervisorExt,CoursYear,CoursArea,CoursSection,CoursGenRept,CoursAreaRept,CoursLocation,CoursStatus from Courses where CoursId=? - </message>
</incident>
<incident>
<timestamp>09-05-2021 13:41:01</timestamp>
<incidentId>0301051020210509134101</incidentId>
<message>select CoursCrsId,CoursType,CoursBulletin,CoursFromPln,CouursToPln,CoursSupervisorInt,CoursSupervisorExt,CoursYear,CoursArea,CoursSection,CoursGenRept,CoursAreaRept,CoursLocation,CoursStatus from Courses where CoursId=? - </message>
</incident>
<incident>
<timestamp>09-05-2021 13:41:01</timestamp>
<incidentId>0501031020210509134101</incidentId>
<message>INSERT INTO Trainees (TrnName,TrnAddress,TrnTels,TrnCo,TrnIdNo) VALUES (?,?,?,?,?) - Cannot add or update a child row: a foreign key constraint fails (`pti`.`Trainees`, CONSTRAINT `fk_Trainees_companies1` FOREIGN KEY (`TrnCo`) REFERENCES `companies` (`cmpId`) ON DELETE CASCADE ON UPDATE CASCADE)</message>
</incident>
<incident>
<timestamp>09-05-2021 13:47:49</timestamp>
<incidentId>0301051020210509134749</incidentId>
<message>select CoursCrsId,CoursType,CoursBulletin,CoursFromPln,CouursToPln,CoursSupervisorInt,CoursSupervisorExt,CoursYear,CoursArea,CoursSection,CoursGenRept,CoursAreaRept,CoursLocation,CoursStatus from Courses where CoursId=? - </message>
</incident>
<incident>
<timestamp>09-05-2021 13:47:55</timestamp>
<incidentId>0301051020210509134755</incidentId>
<message>select CoursCrsId,CoursType,CoursBulletin,CoursFromPln,CouursToPln,CoursSupervisorInt,CoursSupervisorExt,CoursYear,CoursArea,CoursSection,CoursGenRept,CoursAreaRept,CoursLocation,CoursStatus from Courses where CoursId=? - </message>
</incident>
<incident>
<timestamp>09-05-2021 13:50:05</timestamp>
<incidentId>0301051020210509135005</incidentId>
<message>select CoursCrsId,CoursType,CoursBulletin,CoursFromPln,CouursToPln,CoursSupervisorInt,CoursSupervisorExt,CoursYear,CoursArea,CoursSection,CoursGenRept,CoursAreaRept,CoursLocation,CoursStatus from Courses where CoursId=? - </message>
</incident>
<incident>
<timestamp>09-05-2021 13:50:11</timestamp>
<incidentId>0301051020210509135011</incidentId>
<message>select CoursCrsId,CoursType,CoursBulletin,CoursFromPln,CouursToPln,CoursSupervisorInt,CoursSupervisorExt,CoursYear,CoursArea,CoursSection,CoursGenRept,CoursAreaRept,CoursLocation,CoursStatus from Courses where CoursId=? - </message>
</incident>
<incident>
<timestamp>09-05-2021 13:50:50</timestamp>
<incidentId>0301051020210509135050</incidentId>
<message>select CoursCrsId,CoursType,CoursBulletin,CoursFromPln,CouursToPln,CoursSupervisorInt,CoursSupervisorExt,CoursYear,CoursArea,CoursSection,CoursGenRept,CoursAreaRept,CoursLocation,CoursStatus from Courses where CoursId=? - </message>
</incident>
<incident>
<timestamp>09-05-2021 14:30:59</timestamp>
<incidentId>0301051020210509143059</incidentId>
<message>select CoursCrsId,CoursType,CoursBulletin,CoursFromPln,CouursToPln,CoursSupervisorInt,CoursSupervisorExt,CoursYear,CoursArea,CoursSection,CoursGenRept,CoursAreaRept,CoursLocation,CoursStatus from Courses where CoursId=? - </message>
</incident>
<incident>
<timestamp>09-05-2021 14:31:06</timestamp>
<incidentId>0301051020210509143106</incidentId>
<message>select CoursCrsId,CoursType,CoursBulletin,CoursFromPln,CouursToPln,CoursSupervisorInt,CoursSupervisorExt,CoursYear,CoursArea,CoursSection,CoursGenRept,CoursAreaRept,CoursLocation,CoursStatus from Courses where CoursId=? - </message>
</incident>
<incident>
<timestamp>09-05-2021 14:31:06</timestamp>
<incidentId>0501011020210509143106</incidentId>
<message>INSERT INTO Trainees (TrnName,TrnAddress,TrnTels,TrnCo,TrnIdNo) VALUES (?,?,?,?,?) - </message>
</incident>
<incident>
<timestamp>09-05-2021 14:31:45</timestamp>
<incidentId>0301051020210509143145</incidentId>
<message>select CoursCrsId,CoursType,CoursBulletin,CoursFromPln,CouursToPln,CoursSupervisorInt,CoursSupervisorExt,CoursYear,CoursArea,CoursSection,CoursGenRept,CoursAreaRept,CoursLocation,CoursStatus from Courses where CoursId=? - </message>
</incident>
<incident>
<timestamp>09-05-2021 14:31:51</timestamp>
<incidentId>0301051020210509143151</incidentId>
<message>select CoursCrsId,CoursType,CoursBulletin,CoursFromPln,CouursToPln,CoursSupervisorInt,CoursSupervisorExt,CoursYear,CoursArea,CoursSection,CoursGenRept,CoursAreaRept,CoursLocation,CoursStatus from Courses where CoursId=? - </message>
</incident>
<incident>
<timestamp>09-05-2021 14:31:51</timestamp>
<incidentId>0501011020210509143151</incidentId>
<message>INSERT INTO Trainees (TrnName,TrnAddress,TrnTels,TrnCo,TrnIdNo) VALUES (?,?,?,?,?) - </message>
</incident>
<incident>
<timestamp>09-05-2021 14:32:40</timestamp>
<incidentId>0301051020210509143240</incidentId>
<message>select CoursCrsId,CoursType,CoursBulletin,CoursFromPln,CouursToPln,CoursSupervisorInt,CoursSupervisorExt,CoursYear,CoursArea,CoursSection,CoursGenRept,CoursAreaRept,CoursLocation,CoursStatus from Courses where CoursId=? - </message>
</incident>
<incident>
<timestamp>09-05-2021 14:32:45</timestamp>
<incidentId>0301051020210509143245</incidentId>
<message>select CoursCrsId,CoursType,CoursBulletin,CoursFromPln,CouursToPln,CoursSupervisorInt,CoursSupervisorExt,CoursYear,CoursArea,CoursSection,CoursGenRept,CoursAreaRept,CoursLocation,CoursStatus from Courses where CoursId=? - </message>
</incident>
<incident>
<timestamp>09-05-2021 14:32:45</timestamp>
<incidentId>0501011020210509143245</incidentId>
<message>INSERT INTO Trainees (TrnName,TrnAddress,TrnTels,TrnCo,TrnIdNo) VALUES (?,?,?,?,?) - </message>
</incident>
<incident>
<timestamp>09-05-2021 14:34:56</timestamp>
<incidentId>0301051020210509143456</incidentId>
<message>select CoursCrsId,CoursType,CoursBulletin,CoursFromPln,CouursToPln,CoursSupervisorInt,CoursSupervisorExt,CoursYear,CoursArea,CoursSection,CoursGenRept,CoursAreaRept,CoursLocation,CoursStatus from Courses where CoursId=? - </message>
</incident>
<incident>
<timestamp>09-05-2021 14:35:02</timestamp>
<incidentId>0301051020210509143502</incidentId>
<message>select CoursCrsId,CoursType,CoursBulletin,CoursFromPln,CouursToPln,CoursSupervisorInt,CoursSupervisorExt,CoursYear,CoursArea,CoursSection,CoursGenRept,CoursAreaRept,CoursLocation,CoursStatus from Courses where CoursId=? - </message>
</incident>
<incident>
<timestamp>09-05-2021 14:35:02</timestamp>
<incidentId>0501031020210509143502</incidentId>
<message>INSERT INTO Trainees (TrnName,TrnAddress,TrnTels,TrnCo,TrnIdNo) VALUES (?,?,?,?,?) - Cannot add or update a child row: a foreign key constraint fails (`pti`.`Trainees`, CONSTRAINT `fk_Trainees_companies1` FOREIGN KEY (`TrnCo`) REFERENCES `companies` (`cmpId`) ON DELETE CASCADE ON UPDATE CASCADE)</message>
</incident>
<incident>
<timestamp>09-05-2021 14:35:44</timestamp>
<incidentId>0301051020210509143544</incidentId>
<message>select CoursCrsId,CoursType,CoursBulletin,CoursFromPln,CouursToPln,CoursSupervisorInt,CoursSupervisorExt,CoursYear,CoursArea,CoursSection,CoursGenRept,CoursAreaRept,CoursLocation,CoursStatus from Courses where CoursId=? - </message>
</incident>
<incident>
<timestamp>09-05-2021 14:35:53</timestamp>
<incidentId>0301051020210509143553</incidentId>
<message>select CoursCrsId,CoursType,CoursBulletin,CoursFromPln,CouursToPln,CoursSupervisorInt,CoursSupervisorExt,CoursYear,CoursArea,CoursSection,CoursGenRept,CoursAreaRept,CoursLocation,CoursStatus from Courses where CoursId=? - </message>
</incident>
<incident>
<timestamp>09-05-2021 14:35:53</timestamp>
<incidentId>0501031020210509143553</incidentId>
<message>INSERT INTO Trainees (TrnName,TrnAddress,TrnTels,TrnCo,TrnIdNo) VALUES (?,?,?,?,?) - Cannot add or update a child row: a foreign key constraint fails (`pti`.`Trainees`, CONSTRAINT `fk_Trainees_companies1` FOREIGN KEY (`TrnCo`) REFERENCES `companies` (`cmpId`) ON DELETE CASCADE ON UPDATE CASCADE)</message>
</incident>
<incident>
<timestamp>09-05-2021 14:37:10</timestamp>
<incidentId>0301051020210509143710</incidentId>
<message>select CoursCrsId,CoursType,CoursBulletin,CoursFromPln,CouursToPln,CoursSupervisorInt,CoursSupervisorExt,CoursYear,CoursArea,CoursSection,CoursGenRept,CoursAreaRept,CoursLocation,CoursStatus from Courses where CoursId=? - </message>
</incident>
<incident>
<timestamp>09-05-2021 14:37:18</timestamp>
<incidentId>0301051020210509143718</incidentId>
<message>select CoursCrsId,CoursType,CoursBulletin,CoursFromPln,CouursToPln,CoursSupervisorInt,CoursSupervisorExt,CoursYear,CoursArea,CoursSection,CoursGenRept,CoursAreaRept,CoursLocation,CoursStatus from Courses where CoursId=? - </message>
</incident>
<incident>
<timestamp>09-05-2021 14:43:47</timestamp>
<incidentId>0301051020210509144347</incidentId>
<message>select CoursCrsId,CoursType,CoursBulletin,CoursFromPln,CouursToPln,CoursSupervisorInt,CoursSupervisorExt,CoursYear,CoursArea,CoursSection,CoursGenRept,CoursAreaRept,CoursLocation,CoursStatus from Courses where CoursId=? - </message>
</incident>
<incident>
<timestamp>09-05-2021 14:44:28</timestamp>
<incidentId>0301051020210509144428</incidentId>
<message>select CoursCrsId,CoursType,CoursBulletin,CoursFromPln,CouursToPln,CoursSupervisorInt,CoursSupervisorExt,CoursYear,CoursArea,CoursSection,CoursGenRept,CoursAreaRept,CoursLocation,CoursStatus from Courses where CoursId=? - </message>
</incident>
<incident>
<timestamp>09-05-2021 14:44:28</timestamp>
<incidentId>0501031020210509144428</incidentId>
<message>INSERT INTO Trainees (TrnName,TrnAddress,TrnTels,TrnCo,TrnIdNo) VALUES (?,?,?,?,?) - Cannot add or update a child row: a foreign key constraint fails (`pti`.`Trainees`, CONSTRAINT `fk_Trainees_companies1` FOREIGN KEY (`TrnCo`) REFERENCES `companies` (`cmpId`) ON DELETE CASCADE ON UPDATE CASCADE)</message>
</incident>
<incident>
<timestamp>09-05-2021 14:45:21</timestamp>
<incidentId>0301051020210509144521</incidentId>
<message>select CoursCrsId,CoursType,CoursBulletin,CoursFromPln,CouursToPln,CoursSupervisorInt,CoursSupervisorExt,CoursYear,CoursArea,CoursSection,CoursGenRept,CoursAreaRept,CoursLocation,CoursStatus from Courses where CoursId=? - </message>
</incident>
<incident>
<timestamp>09-05-2021 14:45:30</timestamp>
<incidentId>0301051020210509144530</incidentId>
<message>select CoursCrsId,CoursType,CoursBulletin,CoursFromPln,CouursToPln,CoursSupervisorInt,CoursSupervisorExt,CoursYear,CoursArea,CoursSection,CoursGenRept,CoursAreaRept,CoursLocation,CoursStatus from Courses where CoursId=? - </message>
</incident>
<incident>
<timestamp>09-05-2021 14:45:30</timestamp>
<incidentId>0501031020210509144530</incidentId>
<message>INSERT INTO Trainees (TrnName,TrnAddress,TrnTels,TrnCo,TrnIdNo) VALUES (?,?,?,?,?) - Cannot add or update a child row: a foreign key constraint fails (`pti`.`Trainees`, CONSTRAINT `fk_Trainees_companies1` FOREIGN KEY (`TrnCo`) REFERENCES `companies` (`cmpId`) ON DELETE CASCADE ON UPDATE CASCADE)</message>
</incident>
<incident>
<timestamp>09-05-2021 14:48:50</timestamp>
<incidentId>0301051020210509144850</incidentId>
<message>select CoursCrsId,CoursType,CoursBulletin,CoursFromPln,CouursToPln,CoursSupervisorInt,CoursSupervisorExt,CoursYear,CoursArea,CoursSection,CoursGenRept,CoursAreaRept,CoursLocation,CoursStatus from Courses where CoursId=? - </message>
</incident>
<incident>
<timestamp>09-05-2021 14:48:57</timestamp>
<incidentId>0301051020210509144857</incidentId>
<message>select CoursCrsId,CoursType,CoursBulletin,CoursFromPln,CouursToPln,CoursSupervisorInt,CoursSupervisorExt,CoursYear,CoursArea,CoursSection,CoursGenRept,CoursAreaRept,CoursLocation,CoursStatus from Courses where CoursId=? - </message>
</incident>
<incident>
<timestamp>09-05-2021 14:48:57</timestamp>
<incidentId>0501031020210509144857</incidentId>
<message>INSERT INTO Trainees (TrnName,TrnAddress,TrnTels,TrnCo,TrnIdNo) VALUES (?,?,?,?,?) - Cannot add or update a child row: a foreign key constraint fails (`pti`.`Trainees`, CONSTRAINT `fk_Trainees_companies1` FOREIGN KEY (`TrnCo`) REFERENCES `companies` (`cmpId`) ON DELETE CASCADE ON UPDATE CASCADE)</message>
</incident>
<incident>
<timestamp>09-05-2021 14:50:38</timestamp>
<incidentId>0301051020210509145038</incidentId>
<message>select CoursCrsId,CoursType,CoursBulletin,CoursFromPln,CouursToPln,CoursSupervisorInt,CoursSupervisorExt,CoursYear,CoursArea,CoursSection,CoursGenRept,CoursAreaRept,CoursLocation,CoursStatus from Courses where CoursId=? - </message>
</incident>
<incident>
<timestamp>09-05-2021 14:50:45</timestamp>
<incidentId>0301051020210509145045</incidentId>
<message>select CoursCrsId,CoursType,CoursBulletin,CoursFromPln,CouursToPln,CoursSupervisorInt,CoursSupervisorExt,CoursYear,CoursArea,CoursSection,CoursGenRept,CoursAreaRept,CoursLocation,CoursStatus from Courses where CoursId=? - </message>
</incident>
<incident>
<timestamp>09-05-2021 14:50:45</timestamp>
<incidentId>0501031020210509145045</incidentId>
<message>INSERT INTO Trainees (TrnName,TrnAddress,TrnTels,TrnCo,TrnIdNo) VALUES (?,?,?,?,?) - Cannot add or update a child row: a foreign key constraint fails (`pti`.`Trainees`, CONSTRAINT `fk_Trainees_companies1` FOREIGN KEY (`TrnCo`) REFERENCES `companies` (`cmpId`) ON DELETE CASCADE ON UPDATE CASCADE)</message>
</incident>
<incident>
<timestamp>09-05-2021 14:55:39</timestamp>
<incidentId>0301051020210509145539</incidentId>
<message>select CoursCrsId,CoursType,CoursBulletin,CoursFromPln,CouursToPln,CoursSupervisorInt,CoursSupervisorExt,CoursYear,CoursArea,CoursSection,CoursGenRept,CoursAreaRept,CoursLocation,CoursStatus from Courses where CoursId=? - </message>
</incident>
<incident>
<timestamp>09-05-2021 14:55:46</timestamp>
<incidentId>0301051020210509145546</incidentId>
<message>select CoursCrsId,CoursType,CoursBulletin,CoursFromPln,CouursToPln,CoursSupervisorInt,CoursSupervisorExt,CoursYear,CoursArea,CoursSection,CoursGenRept,CoursAreaRept,CoursLocation,CoursStatus from Courses where CoursId=? - </message>
</incident>
<incident>
<timestamp>10-05-2021 10:44:05</timestamp>
<incidentId>0301051020210510104405</incidentId>
<message>select CoursCrsId,CoursType,CoursBulletin,CoursFromPln,CouursToPln,CoursSupervisorInt,CoursSupervisorExt,CoursYear,CoursArea,CoursSection,CoursGenRept,CoursAreaRept,CoursLocation,CoursStatus from Courses where CoursId=? - </message>
</incident>
<incident>
<timestamp>10-05-2021 10:44:06</timestamp>
<incidentId>0301051020210510104406</incidentId>
<message>select CoursCrsId,CoursType,CoursBulletin,CoursFromPln,CouursToPln,CoursSupervisorInt,CoursSupervisorExt,CoursYear,CoursArea,CoursSection,CoursGenRept,CoursAreaRept,CoursLocation,CoursStatus from Courses where CoursId=? - </message>
</incident>
<incident>
<timestamp>11-05-2021 11:32:37</timestamp>
<incidentId>0301051020210511113237</incidentId>
<message>select CoursCrsId,CoursType,CoursBulletin,CoursFromPln,CouursToPln,CoursSupervisorInt,CoursSupervisorExt,CoursYear,CoursArea,CoursSection,CoursGenRept,CoursAreaRept,CoursLocation,CoursStatus from Courses where CoursId=? - </message>
</incident>
<incident>
<timestamp>11-05-2021 11:32:45</timestamp>
<incidentId>0301051020210511113245</incidentId>
<message>select CoursCrsId,CoursType,CoursBulletin,CoursFromPln,CouursToPln,CoursSupervisorInt,CoursSupervisorExt,CoursYear,CoursArea,CoursSection,CoursGenRept,CoursAreaRept,CoursLocation,CoursStatus from Courses where CoursId=? - </message>
</incident>
<incident>
<timestamp>11-05-2021 11:33:43</timestamp>
<incidentId>0301051020210511113343</incidentId>
<message>select CoursCrsId,CoursType,CoursBulletin,CoursFromPln,CouursToPln,CoursSupervisorInt,CoursSupervisorExt,CoursYear,CoursArea,CoursSection,CoursGenRept,CoursAreaRept,CoursLocation,CoursStatus from Courses where CoursId=? - </message>
</incident>
<incident>
<timestamp>11-05-2021 11:33:51</timestamp>
<incidentId>0301051020210511113351</incidentId>
<message>select CoursCrsId,CoursType,CoursBulletin,CoursFromPln,CouursToPln,CoursSupervisorInt,CoursSupervisorExt,CoursYear,CoursArea,CoursSection,CoursGenRept,CoursAreaRept,CoursLocation,CoursStatus from Courses where CoursId=? - </message>
</incident>
<incident>
<timestamp>11-05-2021 11:40:22</timestamp>
<incidentId>0301051020210511114022</incidentId>
<message>select CoursCrsId,CoursType,CoursBulletin,CoursFromPln,CouursToPln,CoursSupervisorInt,CoursSupervisorExt,CoursYear,CoursArea,CoursSection,CoursGenRept,CoursAreaRept,CoursLocation,CoursStatus from Courses where CoursId=? - </message>
</incident>
<incident>
<timestamp>11-05-2021 11:40:31</timestamp>
<incidentId>0301051020210511114031</incidentId>
<message>select CoursCrsId,CoursType,CoursBulletin,CoursFromPln,CouursToPln,CoursSupervisorInt,CoursSupervisorExt,CoursYear,CoursArea,CoursSection,CoursGenRept,CoursAreaRept,CoursLocation,CoursStatus from Courses where CoursId=? - </message>
</incident>
<incident>
<timestamp>11-05-2021 12:58:52</timestamp>
<incidentId>0301051020210511125852</incidentId>
<message>select CoursCrsId,CoursType,CoursBulletin,CoursFromPln,CouursToPln,CoursSupervisorInt,CoursSupervisorExt,CoursYear,CoursArea,CoursSection,CoursGenRept,CoursAreaRept,CoursLocation,CoursStatus from Courses where CoursId=? - </message>
</incident>
<incident>
<timestamp>11-05-2021 12:59:43</timestamp>
<incidentId>0301051020210511125943</incidentId>
<message>select CoursCrsId,CoursType,CoursBulletin,CoursFromPln,CouursToPln,CoursSupervisorInt,CoursSupervisorExt,CoursYear,CoursArea,CoursSection,CoursGenRept,CoursAreaRept,CoursLocation,CoursStatus from Courses where CoursId=? - </message>
</incident>
<incident>
<timestamp>11-05-2021 12:59:59</timestamp>
<incidentId>0301051020210511125959</incidentId>
<message>select CoursCrsId,CoursType,CoursBulletin,CoursFromPln,CouursToPln,CoursSupervisorInt,CoursSupervisorExt,CoursYear,CoursArea,CoursSection,CoursGenRept,CoursAreaRept,CoursLocation,CoursStatus from Courses where CoursId=? - </message>
</incident>
<incident>
<timestamp>11-05-2021 13:00:02</timestamp>
<incidentId>0301051020210511130002</incidentId>
<message>select CoursCrsId,CoursType,CoursBulletin,CoursFromPln,CouursToPln,CoursSupervisorInt,CoursSupervisorExt,CoursYear,CoursArea,CoursSection,CoursGenRept,CoursAreaRept,CoursLocation,CoursStatus from Courses where CoursId=? - </message>
</incident>
<incident>
<timestamp>11-05-2021 13:00:30</timestamp>
<incidentId>0301051020210511130030</incidentId>
<message>select CoursCrsId,CoursType,CoursBulletin,CoursFromPln,CouursToPln,CoursSupervisorInt,CoursSupervisorExt,CoursYear,CoursArea,CoursSection,CoursGenRept,CoursAreaRept,CoursLocation,CoursStatus from Courses where CoursId=? - </message>
</incident>
<incident>
<timestamp>11-05-2021 13:01:06</timestamp>
<incidentId>0301051020210511130106</incidentId>
<message>select CoursCrsId,CoursType,CoursBulletin,CoursFromPln,CouursToPln,CoursSupervisorInt,CoursSupervisorExt,CoursYear,CoursArea,CoursSection,CoursGenRept,CoursAreaRept,CoursLocation,CoursStatus from Courses where CoursId=? - </message>
</incident>
<incident>
<timestamp>11-05-2021 13:02:11</timestamp>
<incidentId>0301051020210511130211</incidentId>
<message>select CoursCrsId,CoursType,CoursBulletin,CoursFromPln,CouursToPln,CoursSupervisorInt,CoursSupervisorExt,CoursYear,CoursArea,CoursSection,CoursGenRept,CoursAreaRept,CoursLocation,CoursStatus from Courses where CoursId=? - </message>
</incident>
<incident>
<timestamp>11-05-2021 13:02:24</timestamp>
<incidentId>0301051020210511130224</incidentId>
<message>select CoursCrsId,CoursType,CoursBulletin,CoursFromPln,CouursToPln,CoursSupervisorInt,CoursSupervisorExt,CoursYear,CoursArea,CoursSection,CoursGenRept,CoursAreaRept,CoursLocation,CoursStatus from Courses where CoursId=? - </message>
</incident>
<incident>
<timestamp>11-05-2021 13:04:31</timestamp>
<incidentId>0301051020210511130431</incidentId>
<message>select CoursCrsId,CoursType,CoursBulletin,CoursFromPln,CouursToPln,CoursSupervisorInt,CoursSupervisorExt,CoursYear,CoursArea,CoursSection,CoursGenRept,CoursAreaRept,CoursLocation,CoursStatus from Courses where CoursId=? - </message>
</incident>
<incident>
<timestamp>11-05-2021 13:06:15</timestamp>
<incidentId>0301051020210511130615</incidentId>
<message>select CoursCrsId,CoursType,CoursBulletin,CoursFromPln,CouursToPln,CoursSupervisorInt,CoursSupervisorExt,CoursYear,CoursArea,CoursSection,CoursGenRept,CoursAreaRept,CoursLocation,CoursStatus from Courses where CoursId=? - </message>
</incident>
<incident>
<timestamp>11-05-2021 13:06:24</timestamp>
<incidentId>0301051020210511130624</incidentId>
<message>select CoursCrsId,CoursType,CoursBulletin,CoursFromPln,CouursToPln,CoursSupervisorInt,CoursSupervisorExt,CoursYear,CoursArea,CoursSection,CoursGenRept,CoursAreaRept,CoursLocation,CoursStatus from Courses where CoursId=? - </message>
</incident>
<incident>
<timestamp>11-05-2021 13:27:01</timestamp>
<incidentId>0301051020210511132701</incidentId>
<message>select CoursCrsId,CoursType,CoursBulletin,CoursFromPln,CouursToPln,CoursSupervisorInt,CoursSupervisorExt,CoursYear,CoursArea,CoursSection,CoursGenRept,CoursAreaRept,CoursLocation,CoursStatus from Courses where CoursId=? - </message>
</incident>
<incident>
<timestamp>11-05-2021 14:31:57</timestamp>
<incidentId>0301051020210511143157</incidentId>
<message>select CoursCrsId,CoursType,CoursBulletin,CoursFromPln,CouursToPln,CoursSupervisorInt,CoursSupervisorExt,CoursYear,CoursArea,CoursSection,CoursGenRept,CoursAreaRept,CoursLocation,CoursStatus from Courses where CoursId=? - </message>
</incident>
<incident>
<timestamp>11-05-2021 14:32:50</timestamp>
<incidentId>0301051020210511143250</incidentId>
<message>select CoursCrsId,CoursType,CoursBulletin,CoursFromPln,CouursToPln,CoursSupervisorInt,CoursSupervisorExt,CoursYear,CoursArea,CoursSection,CoursGenRept,CoursAreaRept,CoursLocation,CoursStatus from Courses where CoursId=? - </message>
</incident>
<incident>
<timestamp>11-05-2021 14:33:46</timestamp>
<incidentId>0301051020210511143346</incidentId>
<message>select CoursCrsId,CoursType,CoursBulletin,CoursFromPln,CouursToPln,CoursSupervisorInt,CoursSupervisorExt,CoursYear,CoursArea,CoursSection,CoursGenRept,CoursAreaRept,CoursLocation,CoursStatus from Courses where CoursId=? - </message>
</incident>
<incident>
<timestamp>11-05-2021 14:34:21</timestamp>
<incidentId>0301051020210511143421</incidentId>
<message>select CoursCrsId,CoursType,CoursBulletin,CoursFromPln,CouursToPln,CoursSupervisorInt,CoursSupervisorExt,CoursYear,CoursArea,CoursSection,CoursGenRept,CoursAreaRept,CoursLocation,CoursStatus from Courses where CoursId=? - </message>
</incident>
<incident>
<timestamp>11-05-2021 14:36:37</timestamp>
<incidentId>0301051020210511143637</incidentId>
<message>select CoursCrsId,CoursType,CoursBulletin,CoursFromPln,CouursToPln,CoursSupervisorInt,CoursSupervisorExt,CoursYear,CoursArea,CoursSection,CoursGenRept,CoursAreaRept,CoursLocation,CoursStatus from Courses where CoursId=? - </message>
</incident>
<incident>
<timestamp>11-05-2021 14:38:49</timestamp>
<incidentId>0301051020210511143849</incidentId>
<message>select CoursCrsId,CoursType,CoursBulletin,CoursFromPln,CouursToPln,CoursSupervisorInt,CoursSupervisorExt,CoursYear,CoursArea,CoursSection,CoursGenRept,CoursAreaRept,CoursLocation,CoursStatus from Courses where CoursId=? - </message>
</incident>
<incident>
<timestamp>11-05-2021 14:40:46</timestamp>
<incidentId>0301051020210511144046</incidentId>
<message>select CoursCrsId,CoursType,CoursBulletin,CoursFromPln,CouursToPln,CoursSupervisorInt,CoursSupervisorExt,CoursYear,CoursArea,CoursSection,CoursGenRept,CoursAreaRept,CoursLocation,CoursStatus from Courses where CoursId=? - </message>
</incident>
<incident>
<timestamp>11-05-2021 14:40:54</timestamp>
<incidentId>0301051020210511144054</incidentId>
<message>select CoursCrsId,CoursType,CoursBulletin,CoursFromPln,CouursToPln,CoursSupervisorInt,CoursSupervisorExt,CoursYear,CoursArea,CoursSection,CoursGenRept,CoursAreaRept,CoursLocation,CoursStatus from Courses where CoursId=? - </message>
</incident>
<incident>
<timestamp>11-05-2021 14:41:19</timestamp>
<incidentId>0301051020210511144119</incidentId>
<message>select CoursCrsId,CoursType,CoursBulletin,CoursFromPln,CouursToPln,CoursSupervisorInt,CoursSupervisorExt,CoursYear,CoursArea,CoursSection,CoursGenRept,CoursAreaRept,CoursLocation,CoursStatus from Courses where CoursId=? - </message>
</incident>
<incident>
<timestamp>11-05-2021 14:51:01</timestamp>
<incidentId>0301051020210511145101</incidentId>
<message>select CoursCrsId,CoursType,CoursBulletin,CoursFromPln,CouursToPln,CoursSupervisorInt,CoursSupervisorExt,CoursYear,CoursArea,CoursSection,CoursGenRept,CoursAreaRept,CoursLocation,CoursStatus from Courses where CoursId=? - </message>
</incident>
<incident>
<timestamp>11-05-2021 14:52:15</timestamp>
<incidentId>0301051020210511145215</incidentId>
<message>select CoursCrsId,CoursType,CoursBulletin,CoursFromPln,CouursToPln,CoursSupervisorInt,CoursSupervisorExt,CoursYear,CoursArea,CoursSection,CoursGenRept,CoursAreaRept,CoursLocation,CoursStatus from Courses where CoursId=? - </message>
</incident>
<incident>
<timestamp>11-05-2021 14:52:44</timestamp>
<incidentId>0301051020210511145244</incidentId>
<message>select CoursCrsId,CoursType,CoursBulletin,CoursFromPln,CouursToPln,CoursSupervisorInt,CoursSupervisorExt,CoursYear,CoursArea,CoursSection,CoursGenRept,CoursAreaRept,CoursLocation,CoursStatus from Courses where CoursId=? - </message>
</incident>
<incident>
<timestamp>11-05-2021 14:53:50</timestamp>
<incidentId>0301051020210511145350</incidentId>
<message>select CoursCrsId,CoursType,CoursBulletin,CoursFromPln,CouursToPln,CoursSupervisorInt,CoursSupervisorExt,CoursYear,CoursArea,CoursSection,CoursGenRept,CoursAreaRept,CoursLocation,CoursStatus from Courses where CoursId=? - </message>
</incident>
<incident>
<timestamp>11-05-2021 14:54:01</timestamp>
<incidentId>0301051020210511145401</incidentId>
<message>select CoursCrsId,CoursType,CoursBulletin,CoursFromPln,CouursToPln,CoursSupervisorInt,CoursSupervisorExt,CoursYear,CoursArea,CoursSection,CoursGenRept,CoursAreaRept,CoursLocation,CoursStatus from Courses where CoursId=? - </message>
</incident>
<incident>
<timestamp>11-05-2021 14:54:54</timestamp>
<incidentId>0301051020210511145454</incidentId>
<message>select CoursCrsId,CoursType,CoursBulletin,CoursFromPln,CouursToPln,CoursSupervisorInt,CoursSupervisorExt,CoursYear,CoursArea,CoursSection,CoursGenRept,CoursAreaRept,CoursLocation,CoursStatus from Courses where CoursId=? - </message>
</incident>
<incident>
<timestamp>11-05-2021 14:55:09</timestamp>
<incidentId>0301051020210511145509</incidentId>
<message>select CoursCrsId,CoursType,CoursBulletin,CoursFromPln,CouursToPln,CoursSupervisorInt,CoursSupervisorExt,CoursYear,CoursArea,CoursSection,CoursGenRept,CoursAreaRept,CoursLocation,CoursStatus from Courses where CoursId=? - </message>
</incident>
<incident>
<timestamp>11-05-2021 14:55:27</timestamp>
<incidentId>0301051020210511145527</incidentId>
<message>select CoursCrsId,CoursType,CoursBulletin,CoursFromPln,CouursToPln,CoursSupervisorInt,CoursSupervisorExt,CoursYear,CoursArea,CoursSection,CoursGenRept,CoursAreaRept,CoursLocation,CoursStatus from Courses where CoursId=? - </message>
</incident>
<incident>
<timestamp>17-05-2021 10:57:40</timestamp>
<incidentId>0301051020210517105740</incidentId>
<message>select CoursCrsId,CoursType,CoursBulletin,CoursFromPln,CouursToPln,CoursSupervisorInt,CoursSupervisorExt,CoursYear,CoursArea,CoursSection,CoursGenRept,CoursAreaRept,CoursLocation,CoursStatus from Courses where CoursId=? - </message>
</incident>
<incident>
<timestamp>17-05-2021 11:05:13</timestamp>
<incidentId>0301051020210517110513</incidentId>
<message>select CoursCrsId,CoursType,CoursBulletin,CoursFromPln,CouursToPln,CoursSupervisorInt,CoursSupervisorExt,CoursYear,CoursArea,CoursSection,CoursGenRept,CoursAreaRept,CoursLocation,CoursStatus from Courses where CoursId=? - </message>
</incident>
<incident>
<timestamp>17-05-2021 11:06:58</timestamp>
<incidentId>0301051020210517110658</incidentId>
<message>select CoursCrsId,CoursType,CoursBulletin,CoursFromPln,CouursToPln,CoursSupervisorInt,CoursSupervisorExt,CoursYear,CoursArea,CoursSection,CoursGenRept,CoursAreaRept,CoursLocation,CoursStatus from Courses where CoursId=? - </message>
</incident>
<incident>
<timestamp>17-05-2021 11:10:11</timestamp>
<incidentId>0301051020210517111011</incidentId>
<message>select CoursCrsId,CoursType,CoursBulletin,CoursFromPln,CouursToPln,CoursSupervisorInt,CoursSupervisorExt,CoursYear,CoursArea,CoursSection,CoursGenRept,CoursAreaRept,CoursLocation,CoursStatus from Courses where CoursId=? - </message>
</incident>
<incident>
<timestamp>17-05-2021 11:36:11</timestamp>
<incidentId>0301051020210517113611</incidentId>
<message>select CoursCrsId,CoursType,CoursBulletin,CoursFromPln,CouursToPln,CoursSupervisorInt,CoursSupervisorExt,CoursYear,CoursArea,CoursSection,CoursGenRept,CoursAreaRept,CoursLocation,CoursStatus from Courses where CoursId=? - </message>
</incident>
<incident>
<timestamp>17-05-2021 11:36:15</timestamp>
<incidentId>0301051020210517113615</incidentId>
<message>select CoursCrsId,CoursType,CoursBulletin,CoursFromPln,CouursToPln,CoursSupervisorInt,CoursSupervisorExt,CoursYear,CoursArea,CoursSection,CoursGenRept,CoursAreaRept,CoursLocation,CoursStatus from Courses where CoursId=? - </message>
</incident>
<incident>
<timestamp>17-05-2021 11:36:19</timestamp>
<incidentId>0301051020210517113619</incidentId>
<message>select CoursCrsId,CoursType,CoursBulletin,CoursFromPln,CouursToPln,CoursSupervisorInt,CoursSupervisorExt,CoursYear,CoursArea,CoursSection,CoursGenRept,CoursAreaRept,CoursLocation,CoursStatus from Courses where CoursId=? - </message>
</incident>
<incident>
<timestamp>17-05-2021 11:36:19</timestamp>
<incidentId>0501031020210517113619</incidentId>
<message>INSERT INTO Trainees (TrnName,TrnAddress,TrnTels,TrnCo,TrnIdNo) VALUES (?,?,?,?,?) - Column 'TrnCo' cannot be null</message>
</incident>
<incident>
<timestamp>17-05-2021 11:36:30</timestamp>
<incidentId>0301051020210517113630</incidentId>
<message>select CoursCrsId,CoursType,CoursBulletin,CoursFromPln,CouursToPln,CoursSupervisorInt,CoursSupervisorExt,CoursYear,CoursArea,CoursSection,CoursGenRept,CoursAreaRept,CoursLocation,CoursStatus from Courses where CoursId=? - </message>
</incident>
<incident>
<timestamp>17-05-2021 11:40:20</timestamp>
<incidentId>0301051020210517114020</incidentId>
<message>select CoursCrsId,CoursType,CoursBulletin,CoursFromPln,CouursToPln,CoursSupervisorInt,CoursSupervisorExt,CoursYear,CoursArea,CoursSection,CoursGenRept,CoursAreaRept,CoursLocation,CoursStatus from Courses where CoursId=? - </message>
</incident>
<incident>
<timestamp>17-05-2021 11:43:16</timestamp>
<incidentId>0301051020210517114316</incidentId>
<message>select CoursCrsId,CoursType,CoursBulletin,CoursFromPln,CouursToPln,CoursSupervisorInt,CoursSupervisorExt,CoursYear,CoursArea,CoursSection,CoursGenRept,CoursAreaRept,CoursLocation,CoursStatus from Courses where CoursId=? - </message>
</incident>
<incident>
<timestamp>17-05-2021 11:43:51</timestamp>
<incidentId>0301051020210517114351</incidentId>
<message>select CoursCrsId,CoursType,CoursBulletin,CoursFromPln,CouursToPln,CoursSupervisorInt,CoursSupervisorExt,CoursYear,CoursArea,CoursSection,CoursGenRept,CoursAreaRept,CoursLocation,CoursStatus from Courses where CoursId=? - </message>
</incident>
<incident>
<timestamp>17-05-2021 11:48:41</timestamp>
<incidentId>0301051020210517114841</incidentId>
<message>select CoursCrsId,CoursType,CoursBulletin,CoursFromPln,CouursToPln,CoursSupervisorInt,CoursSupervisorExt,CoursYear,CoursArea,CoursSection,CoursGenRept,CoursAreaRept,CoursLocation,CoursStatus from Courses where CoursId=? - </message>
</incident>
<incident>
<timestamp>17-05-2021 11:48:45</timestamp>
<incidentId>0301051020210517114845</incidentId>
<message>select CoursCrsId,CoursType,CoursBulletin,CoursFromPln,CouursToPln,CoursSupervisorInt,CoursSupervisorExt,CoursYear,CoursArea,CoursSection,CoursGenRept,CoursAreaRept,CoursLocation,CoursStatus from Courses where CoursId=? - </message>
</incident>
<incident>
<timestamp>17-05-2021 11:48:47</timestamp>
<incidentId>0301051020210517114847</incidentId>
<message>select CoursCrsId,CoursType,CoursBulletin,CoursFromPln,CouursToPln,CoursSupervisorInt,CoursSupervisorExt,CoursYear,CoursArea,CoursSection,CoursGenRept,CoursAreaRept,CoursLocation,CoursStatus from Courses where CoursId=? - </message>
</incident>
<incident>
<timestamp>17-05-2021 11:48:49</timestamp>
<incidentId>0301051020210517114849</incidentId>
<message>select CoursCrsId,CoursType,CoursBulletin,CoursFromPln,CouursToPln,CoursSupervisorInt,CoursSupervisorExt,CoursYear,CoursArea,CoursSection,CoursGenRept,CoursAreaRept,CoursLocation,CoursStatus from Courses where CoursId=? - </message>
</incident>
<incident>
<timestamp>17-05-2021 11:48:51</timestamp>
<incidentId>0301051020210517114851</incidentId>
<message>select CoursCrsId,CoursType,CoursBulletin,CoursFromPln,CouursToPln,CoursSupervisorInt,CoursSupervisorExt,CoursYear,CoursArea,CoursSection,CoursGenRept,CoursAreaRept,CoursLocation,CoursStatus from Courses where CoursId=? - </message>
</incident>
<incident>
<timestamp>17-05-2021 11:48:52</timestamp>
<incidentId>0301051020210517114852</incidentId>
<message>select CoursCrsId,CoursType,CoursBulletin,CoursFromPln,CouursToPln,CoursSupervisorInt,CoursSupervisorExt,CoursYear,CoursArea,CoursSection,CoursGenRept,CoursAreaRept,CoursLocation,CoursStatus from Courses where CoursId=? - </message>
</incident>
<incident>
<timestamp>17-05-2021 11:48:54</timestamp>
<incidentId>0301051020210517114854</incidentId>
<message>select CoursCrsId,CoursType,CoursBulletin,CoursFromPln,CouursToPln,CoursSupervisorInt,CoursSupervisorExt,CoursYear,CoursArea,CoursSection,CoursGenRept,CoursAreaRept,CoursLocation,CoursStatus from Courses where CoursId=? - </message>
</incident>
<incident>
<timestamp>17-05-2021 11:48:55</timestamp>
<incidentId>0301051020210517114855</incidentId>
<message>select CoursCrsId,CoursType,CoursBulletin,CoursFromPln,CouursToPln,CoursSupervisorInt,CoursSupervisorExt,CoursYear,CoursArea,CoursSection,CoursGenRept,CoursAreaRept,CoursLocation,CoursStatus from Courses where CoursId=? - </message>
</incident>
<incident>
<timestamp>17-05-2021 11:48:58</timestamp>
<incidentId>0301051020210517114858</incidentId>
<message>select CoursCrsId,CoursType,CoursBulletin,CoursFromPln,CouursToPln,CoursSupervisorInt,CoursSupervisorExt,CoursYear,CoursArea,CoursSection,CoursGenRept,CoursAreaRept,CoursLocation,CoursStatus from Courses where CoursId=? - </message>
</incident>
<incident>
<timestamp>17-05-2021 11:49:00</timestamp>
<incidentId>0301051020210517114900</incidentId>
<message>select CoursCrsId,CoursType,CoursBulletin,CoursFromPln,CouursToPln,CoursSupervisorInt,CoursSupervisorExt,CoursYear,CoursArea,CoursSection,CoursGenRept,CoursAreaRept,CoursLocation,CoursStatus from Courses where CoursId=? - </message>
</incident>
<incident>
<timestamp>17-05-2021 11:49:02</timestamp>
<incidentId>0301051020210517114902</incidentId>
<message>select CoursCrsId,CoursType,CoursBulletin,CoursFromPln,CouursToPln,CoursSupervisorInt,CoursSupervisorExt,CoursYear,CoursArea,CoursSection,CoursGenRept,CoursAreaRept,CoursLocation,CoursStatus from Courses where CoursId=? - </message>
</incident>
<incident>
<timestamp>17-05-2021 11:49:04</timestamp>
<incidentId>0301051020210517114904</incidentId>
<message>select CoursCrsId,CoursType,CoursBulletin,CoursFromPln,CouursToPln,CoursSupervisorInt,CoursSupervisorExt,CoursYear,CoursArea,CoursSection,CoursGenRept,CoursAreaRept,CoursLocation,CoursStatus from Courses where CoursId=? - </message>
</incident>
<incident>
<timestamp>17-05-2021 11:49:38</timestamp>
<incidentId>0301051020210517114938</incidentId>
<message>select CoursCrsId,CoursType,CoursBulletin,CoursFromPln,CouursToPln,CoursSupervisorInt,CoursSupervisorExt,CoursYear,CoursArea,CoursSection,CoursGenRept,CoursAreaRept,CoursLocation,CoursStatus from Courses where CoursId=? - </message>
</incident>
<incident>
<timestamp>17-05-2021 11:49:40</timestamp>
<incidentId>0301051020210517114940</incidentId>
<message>select CoursCrsId,CoursType,CoursBulletin,CoursFromPln,CouursToPln,CoursSupervisorInt,CoursSupervisorExt,CoursYear,CoursArea,CoursSection,CoursGenRept,CoursAreaRept,CoursLocation,CoursStatus from Courses where CoursId=? - </message>
</incident>
<incident>
<timestamp>17-05-2021 11:49:42</timestamp>
<incidentId>0301051020210517114942</incidentId>
<message>select CoursCrsId,CoursType,CoursBulletin,CoursFromPln,CouursToPln,CoursSupervisorInt,CoursSupervisorExt,CoursYear,CoursArea,CoursSection,CoursGenRept,CoursAreaRept,CoursLocation,CoursStatus from Courses where CoursId=? - </message>
</incident>
<incident>
<timestamp>17-05-2021 11:49:43</timestamp>
<incidentId>0301051020210517114943</incidentId>
<message>select CoursCrsId,CoursType,CoursBulletin,CoursFromPln,CouursToPln,CoursSupervisorInt,CoursSupervisorExt,CoursYear,CoursArea,CoursSection,CoursGenRept,CoursAreaRept,CoursLocation,CoursStatus from Courses where CoursId=? - </message>
</incident>
<incident>
<timestamp>17-05-2021 11:49:44</timestamp>
<incidentId>0301051020210517114944</incidentId>
<message>select CoursCrsId,CoursType,CoursBulletin,CoursFromPln,CouursToPln,CoursSupervisorInt,CoursSupervisorExt,CoursYear,CoursArea,CoursSection,CoursGenRept,CoursAreaRept,CoursLocation,CoursStatus from Courses where CoursId=? - </message>
</incident>
<incident>
<timestamp>17-05-2021 11:49:45</timestamp>
<incidentId>0301051020210517114945</incidentId>
<message>select CoursCrsId,CoursType,CoursBulletin,CoursFromPln,CouursToPln,CoursSupervisorInt,CoursSupervisorExt,CoursYear,CoursArea,CoursSection,CoursGenRept,CoursAreaRept,CoursLocation,CoursStatus from Courses where CoursId=? - </message>
</incident>
<incident>
<timestamp>17-05-2021 11:49:48</timestamp>
<incidentId>0301051020210517114948</incidentId>
<message>select CoursCrsId,CoursType,CoursBulletin,CoursFromPln,CouursToPln,CoursSupervisorInt,CoursSupervisorExt,CoursYear,CoursArea,CoursSection,CoursGenRept,CoursAreaRept,CoursLocation,CoursStatus from Courses where CoursId=? - </message>
</incident>
<incident>
<timestamp>17-05-2021 11:49:49</timestamp>
<incidentId>0301051020210517114949</incidentId>
<message>select CoursCrsId,CoursType,CoursBulletin,CoursFromPln,CouursToPln,CoursSupervisorInt,CoursSupervisorExt,CoursYear,CoursArea,CoursSection,CoursGenRept,CoursAreaRept,CoursLocation,CoursStatus from Courses where CoursId=? - </message>
</incident>
<incident>
<timestamp>17-05-2021 11:49:52</timestamp>
<incidentId>0301051020210517114952</incidentId>
<message>select CoursCrsId,CoursType,CoursBulletin,CoursFromPln,CouursToPln,CoursSupervisorInt,CoursSupervisorExt,CoursYear,CoursArea,CoursSection,CoursGenRept,CoursAreaRept,CoursLocation,CoursStatus from Courses where CoursId=? - </message>
</incident>
<incident>
<timestamp>17-05-2021 11:49:53</timestamp>
<incidentId>0301051020210517114953</incidentId>
<message>select CoursCrsId,CoursType,CoursBulletin,CoursFromPln,CouursToPln,CoursSupervisorInt,CoursSupervisorExt,CoursYear,CoursArea,CoursSection,CoursGenRept,CoursAreaRept,CoursLocation,CoursStatus from Courses where CoursId=? - </message>
</incident>
<incident>
<timestamp>17-05-2021 11:50:31</timestamp>
<incidentId>0301051020210517115031</incidentId>
<message>select CoursCrsId,CoursType,CoursBulletin,CoursFromPln,CouursToPln,CoursSupervisorInt,CoursSupervisorExt,CoursYear,CoursArea,CoursSection,CoursGenRept,CoursAreaRept,CoursLocation,CoursStatus from Courses where CoursId=? - </message>
</incident>
<incident>
<timestamp>17-05-2021 11:50:43</timestamp>
<incidentId>0301051020210517115043</incidentId>
<message>select CoursCrsId,CoursType,CoursBulletin,CoursFromPln,CouursToPln,CoursSupervisorInt,CoursSupervisorExt,CoursYear,CoursArea,CoursSection,CoursGenRept,CoursAreaRept,CoursLocation,CoursStatus from Courses where CoursId=? - </message>
</incident>
<incident>
<timestamp>17-05-2021 11:50:48</timestamp>
<incidentId>0301051020210517115048</incidentId>
<message>select CoursCrsId,CoursType,CoursBulletin,CoursFromPln,CouursToPln,CoursSupervisorInt,CoursSupervisorExt,CoursYear,CoursArea,CoursSection,CoursGenRept,CoursAreaRept,CoursLocation,CoursStatus from Courses where CoursId=? - </message>
</incident>
<incident>
<timestamp>17-05-2021 11:50:49</timestamp>
<incidentId>0301051020210517115049</incidentId>
<message>select CoursCrsId,CoursType,CoursBulletin,CoursFromPln,CouursToPln,CoursSupervisorInt,CoursSupervisorExt,CoursYear,CoursArea,CoursSection,CoursGenRept,CoursAreaRept,CoursLocation,CoursStatus from Courses where CoursId=? - </message>
</incident>
<incident>
<timestamp>17-05-2021 11:50:52</timestamp>
<incidentId>0301051020210517115052</incidentId>
<message>select CoursCrsId,CoursType,CoursBulletin,CoursFromPln,CouursToPln,CoursSupervisorInt,CoursSupervisorExt,CoursYear,CoursArea,CoursSection,CoursGenRept,CoursAreaRept,CoursLocation,CoursStatus from Courses where CoursId=? - </message>
</incident>
<incident>
<timestamp>17-05-2021 11:51:12</timestamp>
<incidentId>0301051020210517115112</incidentId>
<message>select CoursCrsId,CoursType,CoursBulletin,CoursFromPln,CouursToPln,CoursSupervisorInt,CoursSupervisorExt,CoursYear,CoursArea,CoursSection,CoursGenRept,CoursAreaRept,CoursLocation,CoursStatus from Courses where CoursId=? - </message>
</incident>
<incident>
<timestamp>17-05-2021 11:51:16</timestamp>
<incidentId>0301051020210517115116</incidentId>
<message>select CoursCrsId,CoursType,CoursBulletin,CoursFromPln,CouursToPln,CoursSupervisorInt,CoursSupervisorExt,CoursYear,CoursArea,CoursSection,CoursGenRept,CoursAreaRept,CoursLocation,CoursStatus from Courses where CoursId=? - </message>
</incident>
<incident>
<timestamp>17-05-2021 11:51:20</timestamp>
<incidentId>0301051020210517115120</incidentId>
<message>select CoursCrsId,CoursType,CoursBulletin,CoursFromPln,CouursToPln,CoursSupervisorInt,CoursSupervisorExt,CoursYear,CoursArea,CoursSection,CoursGenRept,CoursAreaRept,CoursLocation,CoursStatus from Courses where CoursId=? - </message>
</incident>
<incident>
<timestamp>17-05-2021 11:51:30</timestamp>
<incidentId>0301051020210517115130</incidentId>
<message>select CoursCrsId,CoursType,CoursBulletin,CoursFromPln,CouursToPln,CoursSupervisorInt,CoursSupervisorExt,CoursYear,CoursArea,CoursSection,CoursGenRept,CoursAreaRept,CoursLocation,CoursStatus from Courses where CoursId=? - </message>
</incident>
<incident>
<timestamp>17-05-2021 11:51:32</timestamp>
<incidentId>0301051020210517115132</incidentId>
<message>select CoursCrsId,CoursType,CoursBulletin,CoursFromPln,CouursToPln,CoursSupervisorInt,CoursSupervisorExt,CoursYear,CoursArea,CoursSection,CoursGenRept,CoursAreaRept,CoursLocation,CoursStatus from Courses where CoursId=? - </message>
</incident>
<incident>
<timestamp>17-05-2021 11:51:50</timestamp>
<incidentId>0301051020210517115150</incidentId>
<message>select CoursCrsId,CoursType,CoursBulletin,CoursFromPln,CouursToPln,CoursSupervisorInt,CoursSupervisorExt,CoursYear,CoursArea,CoursSection,CoursGenRept,CoursAreaRept,CoursLocation,CoursStatus from Courses where CoursId=? - </message>
</incident>
<incident>
<timestamp>17-05-2021 12:09:18</timestamp>
<incidentId>0301051020210517120918</incidentId>
<message>select CoursCrsId,CoursType,CoursBulletin,CoursFromPln,CouursToPln,CoursSupervisorInt,CoursSupervisorExt,CoursYear,CoursArea,CoursSection,CoursGenRept,CoursAreaRept,CoursLocation,CoursStatus from Courses where CoursId=? - </message>
</incident>
<incident>
<timestamp>17-05-2021 12:09:19</timestamp>
<incidentId>0301051020210517120919</incidentId>
<message>select CoursCrsId,CoursType,CoursBulletin,CoursFromPln,CouursToPln,CoursSupervisorInt,CoursSupervisorExt,CoursYear,CoursArea,CoursSection,CoursGenRept,CoursAreaRept,CoursLocation,CoursStatus from Courses where CoursId=? - </message>
</incident>
<incident>
<timestamp>17-05-2021 12:11:57</timestamp>
<incidentId>0301051020210517121157</incidentId>
<message>select CoursCrsId,CoursType,CoursBulletin,CoursFromPln,CouursToPln,CoursSupervisorInt,CoursSupervisorExt,CoursYear,CoursArea,CoursSection,CoursGenRept,CoursAreaRept,CoursLocation,CoursStatus from Courses where CoursId=? - </message>
</incident>
<incident>
<timestamp>17-05-2021 12:11:58</timestamp>
<incidentId>0301051020210517121158</incidentId>
<message>select CoursCrsId,CoursType,CoursBulletin,CoursFromPln,CouursToPln,CoursSupervisorInt,CoursSupervisorExt,CoursYear,CoursArea,CoursSection,CoursGenRept,CoursAreaRept,CoursLocation,CoursStatus from Courses where CoursId=? - </message>
</incident>
<incident>
<timestamp>17-05-2021 12:15:45</timestamp>
<incidentId>0301051020210517121545</incidentId>
<message>select CoursCrsId,CoursType,CoursBulletin,CoursFromPln,CouursToPln,CoursSupervisorInt,CoursSupervisorExt,CoursYear,CoursArea,CoursSection,CoursGenRept,CoursAreaRept,CoursLocation,CoursStatus from Courses where CoursId=? - </message>
</incident>
<incident>
<timestamp>17-05-2021 12:15:46</timestamp>
<incidentId>0301051020210517121546</incidentId>
<message>select CoursCrsId,CoursType,CoursBulletin,CoursFromPln,CouursToPln,CoursSupervisorInt,CoursSupervisorExt,CoursYear,CoursArea,CoursSection,CoursGenRept,CoursAreaRept,CoursLocation,CoursStatus from Courses where CoursId=? - </message>
</incident>
<incident>
<timestamp>17-05-2021 12:16:41</timestamp>
<incidentId>0301051020210517121641</incidentId>
<message>select CoursCrsId,CoursType,CoursBulletin,CoursFromPln,CouursToPln,CoursSupervisorInt,CoursSupervisorExt,CoursYear,CoursArea,CoursSection,CoursGenRept,CoursAreaRept,CoursLocation,CoursStatus from Courses where CoursId=? - </message>
</incident>
<incident>
<timestamp>17-05-2021 12:16:43</timestamp>
<incidentId>0301051020210517121643</incidentId>
<message>select CoursCrsId,CoursType,CoursBulletin,CoursFromPln,CouursToPln,CoursSupervisorInt,CoursSupervisorExt,CoursYear,CoursArea,CoursSection,CoursGenRept,CoursAreaRept,CoursLocation,CoursStatus from Courses where CoursId=? - </message>
</incident>
<incident>
<timestamp>17-05-2021 12:18:05</timestamp>
<incidentId>0301051020210517121805</incidentId>
<message>select CoursCrsId,CoursType,CoursBulletin,CoursFromPln,CouursToPln,CoursSupervisorInt,CoursSupervisorExt,CoursYear,CoursArea,CoursSection,CoursGenRept,CoursAreaRept,CoursLocation,CoursStatus from Courses where CoursId=? - </message>
</incident>
<incident>
<timestamp>17-05-2021 12:18:06</timestamp>
<incidentId>0301051020210517121806</incidentId>
<message>select CoursCrsId,CoursType,CoursBulletin,CoursFromPln,CouursToPln,CoursSupervisorInt,CoursSupervisorExt,CoursYear,CoursArea,CoursSection,CoursGenRept,CoursAreaRept,CoursLocation,CoursStatus from Courses where CoursId=? - </message>
</incident>
<incident>
<timestamp>17-05-2021 12:25:36</timestamp>
<incidentId>0301051020210517122536</incidentId>
<message>select CoursCrsId,CoursType,CoursBulletin,CoursFromPln,CouursToPln,CoursSupervisorInt,CoursSupervisorExt,CoursYear,CoursArea,CoursSection,CoursGenRept,CoursAreaRept,CoursLocation,CoursStatus from Courses where CoursId=? - </message>
</incident>
<incident>
<timestamp>17-05-2021 12:25:37</timestamp>
<incidentId>0301051020210517122537</incidentId>
<message>select CoursCrsId,CoursType,CoursBulletin,CoursFromPln,CouursToPln,CoursSupervisorInt,CoursSupervisorExt,CoursYear,CoursArea,CoursSection,CoursGenRept,CoursAreaRept,CoursLocation,CoursStatus from Courses where CoursId=? - </message>
</incident>
<incident>
<timestamp>17-05-2021 14:24:54</timestamp>
<incidentId>0301051020210517142454</incidentId>
<message>select CoursCrsId,CoursType,CoursBulletin,CoursFromPln,CouursToPln,CoursSupervisorInt,CoursSupervisorExt,CoursYear,CoursArea,CoursSection,CoursGenRept,CoursAreaRept,CoursLocation,CoursStatus from Courses where CoursId=? - </message>
</incident>
<incident>
<timestamp>17-05-2021 14:25:00</timestamp>
<incidentId>0301051020210517142500</incidentId>
<message>select CoursCrsId,CoursType,CoursBulletin,CoursFromPln,CouursToPln,CoursSupervisorInt,CoursSupervisorExt,CoursYear,CoursArea,CoursSection,CoursGenRept,CoursAreaRept,CoursLocation,CoursStatus from Courses where CoursId=? - </message>
</incident>
<incident>
<timestamp>17-05-2021 14:25:00</timestamp>
<incidentId>0501031020210517142500</incidentId>
<message>INSERT INTO coursetrainees (crstrntrainee,crstrncourse) VALUES (?,?) - Cannot add or update a child row: a foreign key constraint fails (`pti`.`coursetrainees`, CONSTRAINT `fk_coursetrainees_Trainees1` FOREIGN KEY (`crstrntrainee`) REFERENCES `Trainees` (`TrnNo`) ON DELETE CASCADE ON UPDATE CASCADE)</message>
</incident>
<incident>
<timestamp>17-05-2021 14:26:08</timestamp>
<incidentId>0301051020210517142608</incidentId>
<message>select CoursCrsId,CoursType,CoursBulletin,CoursFromPln,CouursToPln,CoursSupervisorInt,CoursSupervisorExt,CoursYear,CoursArea,CoursSection,CoursGenRept,CoursAreaRept,CoursLocation,CoursStatus from Courses where CoursId=? - </message>
</incident>
<incident>
<timestamp>17-05-2021 14:29:21</timestamp>
<incidentId>0301051020210517142921</incidentId>
<message>select CoursCrsId,CoursType,CoursBulletin,CoursFromPln,CouursToPln,CoursSupervisorInt,CoursSupervisorExt,CoursYear,CoursArea,CoursSection,CoursGenRept,CoursAreaRept,CoursLocation,CoursStatus from Courses where CoursId=? - </message>
</incident>
<incident>
<timestamp>17-05-2021 14:29:22</timestamp>
<incidentId>0301051020210517142922</incidentId>
<message>select CoursCrsId,CoursType,CoursBulletin,CoursFromPln,CouursToPln,CoursSupervisorInt,CoursSupervisorExt,CoursYear,CoursArea,CoursSection,CoursGenRept,CoursAreaRept,CoursLocation,CoursStatus from Courses where CoursId=? - </message>
</incident>
<incident>
<timestamp>17-05-2021 14:29:22</timestamp>
<incidentId>0501031020210517142922</incidentId>
<message>INSERT INTO coursetrainees (crstrntrainee,crstrncourse) VALUES (?,?) - Cannot add or update a child row: a foreign key constraint fails (`pti`.`coursetrainees`, CONSTRAINT `fk_coursetrainees_Courses1` FOREIGN KEY (`crstrncourse`) REFERENCES `Courses` (`CoursId`) ON DELETE CASCADE ON UPDATE CASCADE)</message>
</incident>
<incident>
<timestamp>17-05-2021 14:42:20</timestamp>
<incidentId>0301051020210517144220</incidentId>
<message>select CoursCrsId,CoursType,CoursBulletin,CoursFromPln,CouursToPln,CoursSupervisorInt,CoursSupervisorExt,CoursYear,CoursArea,CoursSection,CoursGenRept,CoursAreaRept,CoursLocation,CoursStatus from Courses where CoursId=? - </message>
</incident>
<incident>
<timestamp>17-05-2021 14:42:22</timestamp>
<incidentId>0301051020210517144222</incidentId>
<message>select CoursCrsId,CoursType,CoursBulletin,CoursFromPln,CouursToPln,CoursSupervisorInt,CoursSupervisorExt,CoursYear,CoursArea,CoursSection,CoursGenRept,CoursAreaRept,CoursLocation,CoursStatus from Courses where CoursId=? - </message>
</incident>
<incident>
<timestamp>17-05-2021 14:42:22</timestamp>
<incidentId>0501031020210517144222</incidentId>
<message>INSERT INTO coursetrainees (crstrntrainee,crstrncourse) VALUES (?,?) - Cannot add or update a child row: a foreign key constraint fails (`pti`.`coursetrainees`, CONSTRAINT `fk_coursetrainees_Courses1` FOREIGN KEY (`crstrncourse`) REFERENCES `Courses` (`CoursId`) ON DELETE CASCADE ON UPDATE CASCADE)</message>
</incident>
<incident>
<timestamp>17-05-2021 14:46:57</timestamp>
<incidentId>0301051020210517144657</incidentId>
<message>select CoursCrsId,CoursType,CoursBulletin,CoursFromPln,CouursToPln,CoursSupervisorInt,CoursSupervisorExt,CoursYear,CoursArea,CoursSection,CoursGenRept,CoursAreaRept,CoursLocation,CoursStatus from Courses where CoursId=? - </message>
</incident>
<incident>
<timestamp>18-05-2021 13:05:27</timestamp>
<incidentId>0601011020210518130527</incidentId>
<message>delete from coursetrainees where crstncourse=? and crstrntrainee=? - Unknown column 'crstncourse' in 'where clause'</message>
</incident>
<incident>
<timestamp>18-05-2021 13:05:33</timestamp>
<incidentId>0601011020210518130533</incidentId>
<message>delete from coursetrainees where crstncourse=? and crstrntrainee=? - Unknown column 'crstncourse' in 'where clause'</message>
</incident>
<incident>
<timestamp>18-05-2021 13:05:43</timestamp>
<incidentId>0601011020210518130543</incidentId>
<message>delete from coursetrainees where crstncourse=? and crstrntrainee=? - Unknown column 'crstncourse' in 'where clause'</message>
</incident>
<incident>
<timestamp>25-05-2021 14:26:17</timestamp>
<incidentId>0501011020210525142617</incidentId>
<message>INSERT INTO CourseLecHours(clhLecId,clhCrsId,clhHours) VALUES (?,?,?) - Unknown column 'clhHours' in 'field list'</message>
</incident>
<incident>
<timestamp>25-05-2021 14:26:20</timestamp>
<incidentId>0501011020210525142620</incidentId>
<message>INSERT INTO CourseLecHours(clhLecId,clhCrsId,clhHours) VALUES (?,?,?) - Unknown column 'clhHours' in 'field list'</message>
</incident>
<incident>
<timestamp>30-05-2021 14:52:54</timestamp>
<incidentId>0301011020210530145254</incidentId>
<message>SELECT TrnName,TrnId  FROM coursetrainees INNER JOIN Trainees ON TrnNo=crstrntrainee WHERE crstrncourse=? - Unknown column 'TrnId' in 'field list'</message>
</incident>
<incident>
<timestamp>31-05-2021 10:52:00</timestamp>
<incidentId>0301051020210531105200</incidentId>
<message>select CoursCrsId,CoursType,CoursBulletin,CoursFromPln,CouursToPln,CoursSupervisorInt,CoursSupervisorExt,CoursYear,CoursArea,CoursSection,CoursGenRept,CoursAreaRept,CoursLocation,CoursStatus from Courses where CoursId=? - </message>
</incident>
<incident>
<timestamp>31-05-2021 14:37:33</timestamp>
<incidentId>0301051020210531143733</incidentId>
<message>select CoursCrsId,CoursType,CoursBulletin,CoursFromPln,CouursToPln,CoursSupervisorInt,CoursSupervisorExt,CoursYear,CoursArea,CoursSection,CoursGenRept,CoursAreaRept,CoursLocation,CoursStatus from Courses where CoursId=? - </message>
</incident>
<incident>
<timestamp>31-05-2021 14:44:55</timestamp>
<incidentId>0301051020210531144455</incidentId>
<message>select CoursCrsId,CoursType,CoursBulletin,CoursFromPln,CouursToPln,CoursSupervisorInt,CoursSupervisorExt,CoursYear,CoursArea,CoursSection,CoursGenRept,CoursAreaRept,CoursLocation,CoursStatus from Courses where CoursId=? - </message>
</incident>
<incident>
<timestamp>31-05-2021 15:12:36</timestamp>
<incidentId>0301051020210531151236</incidentId>
<message>select CoursCrsId,CoursType,CoursBulletin,CoursFromPln,CouursToPln,CoursSupervisorInt,CoursSupervisorExt,CoursYear,CoursArea,CoursSection,CoursGenRept,CoursAreaRept,CoursLocation,CoursStatus from Courses where CoursId=? - </message>
</incident>
<incident>
<timestamp>31-05-2021 15:12:46</timestamp>
<incidentId>0301051020210531151246</incidentId>
<message>select CoursCrsId,CoursType,CoursBulletin,CoursFromPln,CouursToPln,CoursSupervisorInt,CoursSupervisorExt,CoursYear,CoursArea,CoursSection,CoursGenRept,CoursAreaRept,CoursLocation,CoursStatus from Courses where CoursId=? - </message>
</incident>
<incident>
<timestamp>31-05-2021 15:17:10</timestamp>
<incidentId>0301051020210531151710</incidentId>
<message>select CoursCrsId,CoursType,CoursBulletin,CoursFromPln,CouursToPln,CoursSupervisorInt,CoursSupervisorExt,CoursYear,CoursArea,CoursSection,CoursGenRept,CoursAreaRept,CoursLocation,CoursStatus from Courses where CoursId=? - </message>
</incident>
<incident>
<timestamp>31-05-2021 15:17:17</timestamp>
<incidentId>0301051020210531151717</incidentId>
<message>select CoursCrsId,CoursType,CoursBulletin,CoursFromPln,CouursToPln,CoursSupervisorInt,CoursSupervisorExt,CoursYear,CoursArea,CoursSection,CoursGenRept,CoursAreaRept,CoursLocation,CoursStatus from Courses where CoursId=? - </message>
</incident>
<incident>
<timestamp>31-05-2021 15:17:26</timestamp>
<incidentId>0301051020210531151726</incidentId>
<message>select CoursCrsId,CoursType,CoursBulletin,CoursFromPln,CouursToPln,CoursSupervisorInt,CoursSupervisorExt,CoursYear,CoursArea,CoursSection,CoursGenRept,CoursAreaRept,CoursLocation,CoursStatus from Courses where CoursId=? - </message>
</incident>
<incident>
<timestamp>31-05-2021 15:43:16</timestamp>
<incidentId>0301051020210531154316</incidentId>
<message>select CoursCrsId,CoursType,CoursBulletin,CoursFromPln,CouursToPln,CoursSupervisorInt,CoursSupervisorExt,CoursYear,CoursArea,CoursSection,CoursGenRept,CoursAreaRept,CoursLocation,CoursStatus from Courses where CoursId=? - </message>
</incident>
<incident>
<timestamp>31-05-2021 15:44:15</timestamp>
<incidentId>0301051020210531154415</incidentId>
<message>select CoursCrsId,CoursType,CoursBulletin,CoursFromPln,CouursToPln,CoursSupervisorInt,CoursSupervisorExt,CoursYear,CoursArea,CoursSection,CoursGenRept,CoursAreaRept,CoursLocation,CoursStatus from Courses where CoursId=? - </message>
</incident>
<incident>
<timestamp>31-05-2021 15:44:30</timestamp>
<incidentId>0301051020210531154430</incidentId>
<message>select CoursCrsId,CoursType,CoursBulletin,CoursFromPln,CouursToPln,CoursSupervisorInt,CoursSupervisorExt,CoursYear,CoursArea,CoursSection,CoursGenRept,CoursAreaRept,CoursLocation,CoursStatus from Courses where CoursId=? - </message>
</incident>
<incident>
<timestamp>31-05-2021 15:44:42</timestamp>
<incidentId>0301051020210531154442</incidentId>
<message>select CoursCrsId,CoursType,CoursBulletin,CoursFromPln,CouursToPln,CoursSupervisorInt,CoursSupervisorExt,CoursYear,CoursArea,CoursSection,CoursGenRept,CoursAreaRept,CoursLocation,CoursStatus from Courses where CoursId=? - </message>
</incident>
<incident>
<timestamp>31-05-2021 15:44:49</timestamp>
<incidentId>0301051020210531154449</incidentId>
<message>select CoursCrsId,CoursType,CoursBulletin,CoursFromPln,CouursToPln,CoursSupervisorInt,CoursSupervisorExt,CoursYear,CoursArea,CoursSection,CoursGenRept,CoursAreaRept,CoursLocation,CoursStatus from Courses where CoursId=? - </message>
</incident>
<incident>
<timestamp>31-05-2021 15:44:56</timestamp>
<incidentId>0301051020210531154456</incidentId>
<message>select CoursCrsId,CoursType,CoursBulletin,CoursFromPln,CouursToPln,CoursSupervisorInt,CoursSupervisorExt,CoursYear,CoursArea,CoursSection,CoursGenRept,CoursAreaRept,CoursLocation,CoursStatus from Courses where CoursId=? - </message>
</incident>
<incident>
<timestamp>01-06-2021 11:50:39</timestamp>
<incidentId>0301051020210601115039</incidentId>
<message>select CoursCrsId,CoursType,CoursBulletin,CoursFromPln,CouursToPln,CoursSupervisorInt,CoursSupervisorExt,CoursYear,CoursArea,CoursSection,CoursGenRept,CoursAreaRept,CoursLocation,CoursStatus from Courses where CoursId=? - </message>
</incident>
<incident>
<timestamp>03-06-2021 09:57:11</timestamp>
<incidentId>0301051020210603095711</incidentId>
<message>select CoursCrsId,CoursType,CoursBulletin,CoursFromPln,CouursToPln,CoursSupervisorInt,CoursSupervisorExt,CoursYear,CoursArea,CoursSection,CoursGenRept,CoursAreaRept,CoursLocation,CoursStatus from Courses where CoursId=? - </message>
</incident>
<incident>
<timestamp>03-06-2021 09:58:10</timestamp>
<incidentId>0301051020210603095810</incidentId>
<message>select CoursCrsId,CoursType,CoursBulletin,CoursFromPln,CouursToPln,CoursSupervisorInt,CoursSupervisorExt,CoursYear,CoursArea,CoursSection,CoursGenRept,CoursAreaRept,CoursLocation,CoursStatus from Courses where CoursId=? - </message>
</incident>
<incident>
<timestamp>03-06-2021 10:25:19</timestamp>
<incidentId>0301051020210603102519</incidentId>
<message>select CoursCrsId,CoursType,CoursBulletin,CoursFromPln,CouursToPln,CoursSupervisorInt,CoursSupervisorExt,CoursYear,CoursArea,CoursSection,CoursGenRept,CoursAreaRept,CoursLocation,CoursStatus from Courses where CoursId=? - </message>
</incident>
<incident>
<timestamp>03-06-2021 10:26:39</timestamp>
<incidentId>0301051020210603102639</incidentId>
<message>select CoursCrsId,CoursType,CoursBulletin,CoursFromPln,CouursToPln,CoursSupervisorInt,CoursSupervisorExt,CoursYear,CoursArea,CoursSection,CoursGenRept,CoursAreaRept,CoursLocation,CoursStatus from Courses where CoursId=? - </message>
</incident>
<incident>
<timestamp>03-06-2021 10:29:30</timestamp>
<incidentId>0301051020210603102930</incidentId>
<message>select CoursCrsId,CoursType,CoursBulletin,CoursFromPln,CouursToPln,CoursSupervisorInt,CoursSupervisorExt,CoursYear,CoursArea,CoursSection,CoursGenRept,CoursAreaRept,CoursLocation,CoursStatus from Courses where CoursId=? - </message>
</incident>
<incident>
<timestamp>03-06-2021 10:43:01</timestamp>
<incidentId>0301051020210603104301</incidentId>
<message>select CoursCrsId,CoursType,CoursBulletin,CoursFromPln,CouursToPln,CoursSupervisorInt,CoursSupervisorExt,CoursYear,CoursArea,CoursSection,CoursGenRept,CoursAreaRept,CoursLocation,CoursStatus from Courses where CoursId=? - </message>
</incident>
<incident>
<timestamp>03-06-2021 12:01:26</timestamp>
<incidentId>0301051020210603120126</incidentId>
<message>select CoursCrsId,CoursType,CoursBulletin,CoursFromPln,CouursToPln,CoursSupervisorInt,CoursSupervisorExt,CoursYear,CoursArea,CoursSection,CoursGenRept,CoursAreaRept,CoursLocation,CoursStatus from Courses where CoursId=? - </message>
</incident>
<incident>
<timestamp>03-06-2021 12:10:36</timestamp>
<incidentId>0301051020210603121036</incidentId>
<message>select CoursCrsId,CoursType,CoursBulletin,CoursFromPln,CouursToPln,CoursSupervisorInt,CoursSupervisorExt,CoursYear,CoursArea,CoursSection,CoursGenRept,CoursAreaRept,CoursLocation,CoursStatus from Courses where CoursId=? - </message>
</incident>
<incident>
<timestamp>03-06-2021 12:15:25</timestamp>
<incidentId>0301051020210603121525</incidentId>
<message>select CoursCrsId,CoursType,CoursBulletin,CoursFromPln,CouursToPln,CoursSupervisorInt,CoursSupervisorExt,CoursYear,CoursArea,CoursSection,CoursGenRept,CoursAreaRept,CoursLocation,CoursStatus from Courses where CoursId=? - </message>
</incident>
<incident>
<timestamp>03-06-2021 14:10:03</timestamp>
<incidentId>0501011020210603141003</incidentId>
<message>INSERT INTO CourseLecHours(clhLecId,clhCrsId,clhHours) VALUES (?,?,?) - Unknown column 'clhHours' in 'field list'</message>
</incident>
<incident>
<timestamp>03-08-2021 13:12:17</timestamp>
<incidentId>0501011020210803131217</incidentId>
<message>INSERT INTO CourseLecHours(clhLecId,clhCrsId,clhHours) VALUES (?,?,?) - Unknown column 'clhHours' in 'field list'</message>
</incident>
<incident>
<timestamp>03-08-2021 13:12:31</timestamp>
<incidentId>0501011020210803131231</incidentId>
<message>INSERT INTO CourseLecHours(clhLecId,clhCrsId,clhHours) VALUES (?,?,?) - Unknown column 'clhHours' in 'field list'</message>
</incident>
<incident>
<timestamp>24-01-2023 14:21:09</timestamp>
<incidentId>0501032420230124142109</incidentId>
<message>INSERT INTO Trainees (TrnName,TrnAddress,TrnTels,TrnCo,TrnIdNo) VALUES (?,?,?,?,?) - Cannot add or update a child row: a foreign key constraint fails (`pti`.`Trainees`, CONSTRAINT `Trainees_ibfk_2` FOREIGN KEY (`trnNationality`) REFERENCES `Countries` (`cntId`))</message>
</incident>
<incident>
<timestamp>29-03-2023 13:17:59</timestamp>
<incidentId>0101032320230329131759</incidentId>
<message>INSERT INTO Courses(CoursCrsId,CoursType,CoursBulletin,CoursFromPln,CouursToPln,CoursSupervisorInt,CoursSupervisorExt,CoursYear,CoursArea,CoursSection,CoursGenRept,CoursAreaRept,CoursLocation,CoursStatus) VALUES (?,?,?,?,?,?,?,?,?,?,?,?,?,?); - Cannot add or update a child row: a foreign key constraint fails (`pti`.`Courses`, CONSTRAINT `Courses_ibfk_4` FOREIGN KEY (`CoursSection`) REFERENCES `EduSections` (`SecId`) ON DELETE CASCADE ON UPDATE CASCADE)</message>
</incident>
<incident>
<timestamp>29-03-2023 13:19:06</timestamp>
<incidentId>0301052320230329131906</incidentId>
<message>select CoursCrsId,CoursType,CoursBulletin,CoursFromPln,CouursToPln,CoursSupervisorInt,CoursSupervisorExt,CoursYear,CoursArea,CoursSection,CoursGenRept,CoursAreaRept,CoursLocation,CoursStatus from Courses where CoursId=? - </message>
</incident>
<incident>
<timestamp>29-03-2023 13:19:12</timestamp>
<incidentId>0501032320230329131912</incidentId>
<message>INSERT INTO courseCompanies(crscmpCompany,crscmpCourse,crscmpPlanned) VALUES (?,?,?) - Duplicate entry '2-0' for key 'PRIMARY'</message>
</incident>
<incident>
<timestamp>29-03-2023 13:19:12</timestamp>
<incidentId>0301052320230329131912</incidentId>
<message>select CoursCrsId,CoursType,CoursBulletin,CoursFromPln,CouursToPln,CoursSupervisorInt,CoursSupervisorExt,CoursYear,CoursArea,CoursSection,CoursGenRept,CoursAreaRept,CoursLocation,CoursStatus from Courses where CoursId=? - </message>
</incident>
<incident>
<timestamp>29-03-2023 13:19:15</timestamp>
<incidentId>0501032320230329131915</incidentId>
<message>INSERT INTO courseCompanies(crscmpCompany,crscmpCourse,crscmpPlanned) VALUES (?,?,?) - Duplicate entry '2-0' for key 'PRIMARY'</message>
</incident>
<incident>
<timestamp>29-03-2023 13:19:15</timestamp>
<incidentId>0301052320230329131915</incidentId>
<message>select CoursCrsId,CoursType,CoursBulletin,CoursFromPln,CouursToPln,CoursSupervisorInt,CoursSupervisorExt,CoursYear,CoursArea,CoursSection,CoursGenRept,CoursAreaRept,CoursLocation,CoursStatus from Courses where CoursId=? - </message>
</incident>
<incident>
<timestamp>29-03-2023 13:19:17</timestamp>
<incidentId>0501032320230329131917</incidentId>
<message>INSERT INTO courseCompanies(crscmpCompany,crscmpCourse,crscmpPlanned) VALUES (?,?,?) - Duplicate entry '2-0' for key 'PRIMARY'</message>
</incident>
<incident>
<timestamp>29-03-2023 13:19:17</timestamp>
<incidentId>0301052320230329131917</incidentId>
<message>select CoursCrsId,CoursType,CoursBulletin,CoursFromPln,CouursToPln,CoursSupervisorInt,CoursSupervisorExt,CoursYear,CoursArea,CoursSection,CoursGenRept,CoursAreaRept,CoursLocation,CoursStatus from Courses where CoursId=? - </message>
</incident>
<incident>
<timestamp>29-03-2023 13:21:03</timestamp>
<incidentId>0101032320230329132103</incidentId>
<message>INSERT INTO Courses(CoursCrsId,CoursType,CoursBulletin,CoursFromPln,CouursToPln,CoursSupervisorInt,CoursSupervisorExt,CoursYear,CoursArea,CoursSection,CoursGenRept,CoursAreaRept,CoursLocation,CoursStatus) VALUES (?,?,?,?,?,?,?,?,?,?,?,?,?,?); - Cannot add or update a child row: a foreign key constraint fails (`pti`.`Courses`, CONSTRAINT `Courses_ibfk_4` FOREIGN KEY (`CoursSection`) REFERENCES `EduSections` (`SecId`) ON DELETE CASCADE ON UPDATE CASCADE)</message>
</incident>
<incident>
<timestamp>29-03-2023 13:21:24</timestamp>
<incidentId>0501032320230329132124</incidentId>
<message>INSERT INTO courseCompanies(crscmpCompany,crscmpCourse,crscmpPlanned) VALUES (?,?,?) - Duplicate entry '2-0' for key 'PRIMARY'</message>
</incident>
<incident>
<timestamp>29-03-2023 13:21:24</timestamp>
<incidentId>0301052320230329132124</incidentId>
<message>select CoursCrsId,CoursType,CoursBulletin,CoursFromPln,CouursToPln,CoursSupervisorInt,CoursSupervisorExt,CoursYear,CoursArea,CoursSection,CoursGenRept,CoursAreaRept,CoursLocation,CoursStatus from Courses where CoursId=? - </message>
</incident>
<incident>
<timestamp>29-03-2023 13:21:45</timestamp>
<incidentId>0301052320230329132145</incidentId>
<message>select CoursCrsId,CoursType,CoursBulletin,CoursFromPln,CouursToPln,CoursSupervisorInt,CoursSupervisorExt,CoursYear,CoursArea,CoursSection,CoursGenRept,CoursAreaRept,CoursLocation,CoursStatus from Courses where CoursId=? - </message>
</incident>
<incident>
<timestamp>29-03-2023 13:21:50</timestamp>
<incidentId>0501032320230329132150</incidentId>
<message>INSERT INTO courseCompanies(crscmpCompany,crscmpCourse,crscmpPlanned) VALUES (?,?,?) - Duplicate entry '4-0' for key 'PRIMARY'</message>
</incident>
<incident>
<timestamp>29-03-2023 13:21:50</timestamp>
<incidentId>0301052320230329132150</incidentId>
<message>select CoursCrsId,CoursType,CoursBulletin,CoursFromPln,CouursToPln,CoursSupervisorInt,CoursSupervisorExt,CoursYear,CoursArea,CoursSection,CoursGenRept,CoursAreaRept,CoursLocation,CoursStatus from Courses where CoursId=? - </message>
</incident>
<incident>
<timestamp>03-04-2023 12:32:49</timestamp>
<incidentId>010103120230403123249</incidentId>
<message>INSERT INTO Courses(CoursCrsId,CoursType,CoursBulletin,CoursFromPln,CouursToPln,CoursSupervisorInt,CoursSupervisorExt,CoursYear,CoursArea,CoursSection,CoursGenRept,CoursAreaRept,CoursLocation,CoursStatus) VALUES (?,?,?,?,?,?,?,?,?,?,?,?,?,?); - Cannot add or update a child row: a foreign key constraint fails (`pti`.`Courses`, CONSTRAINT `Courses_ibfk_4` FOREIGN KEY (`CoursSection`) REFERENCES `EduSections` (`SecId`) ON DELETE CASCADE ON UPDATE CASCADE)</message>
</incident>
<incident>
<timestamp>06-04-2023 12:20:31</timestamp>
<incidentId>0101031020230406122031</incidentId>
<message>INSERT INTO Courses(CoursCrsId,CoursType,CoursBulletin,CoursFromPln,CouursToPln,CoursSupervisorInt,CoursSupervisorExt,CoursYear,CoursArea,CoursSection,CoursGenRept,CoursAreaRept,CoursLocation,CoursStatus) VALUES (?,?,?,?,?,?,?,?,?,?,?,?,?,?); - Cannot add or update a child row: a foreign key constraint fails (`pti`.`Courses`, CONSTRAINT `Courses_ibfk_4` FOREIGN KEY (`CoursSection`) REFERENCES `EduSections` (`SecId`) ON DELETE CASCADE ON UPDATE CASCADE)</message>
</incident>
<incident>
<timestamp>07-05-2023 14:12:17</timestamp>
<incidentId>010103120230507141217</incidentId>
<message>INSERT INTO Courses(CoursCrsId,CoursType,CoursBulletin,CoursFromPln,CouursToPln,CoursSupervisorInt,CoursSupervisorExt,CoursYear,CoursArea,CoursSection,CoursGenRept,CoursAreaRept,CoursLocation,CoursStatus) VALUES (?,?,?,?,?,?,?,?,?,?,?,?,?,?); - Cannot add or update a child row: a foreign key constraint fails (`pti`.`Courses`, CONSTRAINT `Courses_ibfk_4` FOREIGN KEY (`CoursSection`) REFERENCES `EduSections` (`SecId`) ON DELETE CASCADE ON UPDATE CASCADE)</message>
</incident>
<incident>
<timestamp>13-07-2023 11:55:25</timestamp>
<incidentId>030101120230713115525</incidentId>
<message>select CoursCrsId,CoursType,CoursBulletin,CoursFromAct,CouursToAct,CoursSupervisorInt,CoursSupervisorExt,CoursYear,CoursArea,CoursSection,CoursGenRept,CoursAreaRept,CoursLocation,CoursStatus from Courses where CoursId=? - Unknown column 'CouursToAct' in 'field list'</message>
</incident>
<incident>
<timestamp>13-07-2023 11:56:01</timestamp>
<incidentId>030101120230713115601</incidentId>
<message>select CoursCrsId,CoursType,CoursBulletin,CoursFromAct,CouursToAct,CoursSupervisorInt,CoursSupervisorExt,CoursYear,CoursArea,CoursSection,CoursGenRept,CoursAreaRept,CoursLocation,CoursStatus from Courses where CoursId=? - Unknown column 'CouursToAct' in 'field list'</message>
</incident>
<incident>
<timestamp>13-07-2023 13:17:49</timestamp>
<incidentId>0301012420230713131749</incidentId>
<message>select CoursCrsId,CoursType,CoursBulletin,CoursFromAct,CouursToAct,CoursSupervisorInt,CoursSupervisorExt,CoursYear,CoursArea,CoursSection,CoursGenRept,CoursAreaRept,CoursLocation,CoursStatus from Courses where CoursId=? - Unknown column 'CouursToAct' in 'field list'</message>
</incident>
<incident>
<timestamp>13-07-2023 13:18:22</timestamp>
<incidentId>0301012420230713131822</incidentId>
<message>select CoursCrsId,CoursType,CoursBulletin,CoursFromAct,CouursToAct,CoursSupervisorInt,CoursSupervisorExt,CoursYear,CoursArea,CoursSection,CoursGenRept,CoursAreaRept,CoursLocation,CoursStatus from Courses where CoursId=? - Unknown column 'CouursToAct' in 'field list'</message>
</incident>
<incident>
<timestamp>13-07-2023 13:52:49</timestamp>
<incidentId>0301012420230713135249</incidentId>
<message>select CoursCrsId,CoursType,CoursBulletin,CoursFromAct,CouursToAct,CoursSupervisorInt,CoursSupervisorExt,CoursYear,CoursArea,CoursSection,CoursGenRept,CoursAreaRept,CoursLocation,CoursStatus from Courses where CoursId=? - Unknown column 'CouursToAct' in 'field list'</message>
</incident>
<incident>
<timestamp>13-07-2023 13:55:32</timestamp>
<incidentId>0301012420230713135532</incidentId>
<message>select CoursCrsId,CoursType,CoursBulletin,CoursFromAct,CouursToAct,CoursSupervisorInt,CoursSupervisorExt,CoursYear,CoursArea,CoursSection,CoursGenRept,CoursAreaRept,CoursLocation,CoursStatus from Courses where CoursId=? - Unknown column 'CouursToAct' in 'field list'</message>
</incident>
<incident>
<timestamp>16-07-2023 11:16:32</timestamp>
<incidentId>0301012420230716111632</incidentId>
<message>select CoursCrsId,CoursType,CoursBulletin,CoursFromAct,CouursToAct,CoursSupervisorInt,CoursSupervisorExt,CoursYear,CoursArea,CoursSection,CoursGenRept,CoursAreaRept,CoursLocation,CoursStatus from Courses where CoursId=? - Unknown column 'CouursToAct' in 'field list'</message>
</incident>
<incident>
<timestamp>16-07-2023 11:16:43</timestamp>
<incidentId>0301012420230716111643</incidentId>
<message>select CoursCrsId,CoursType,CoursBulletin,CoursFromAct,CouursToAct,CoursSupervisorInt,CoursSupervisorExt,CoursYear,CoursArea,CoursSection,CoursGenRept,CoursAreaRept,CoursLocation,CoursStatus from Courses where CoursId=? - Unknown column 'CouursToAct' in 'field list'</message>
</incident>
<incident>
<timestamp>16-07-2023 11:23:46</timestamp>
<incidentId>0301012420230716112346</incidentId>
<message>select CoursCrsId,CoursType,CoursBulletin,CoursFromAct,CouursToAct,CoursSupervisorInt,CoursSupervisorExt,CoursYear,CoursArea,CoursSection,CoursGenRept,CoursAreaRept,CoursLocation,CoursStatus from Courses where CoursId=? - Unknown column 'CouursToAct' in 'field list'</message>
</incident>
<incident>
<timestamp>16-07-2023 11:25:34</timestamp>
<incidentId>0301012420230716112534</incidentId>
<message>select CoursCrsId,CoursType,CoursBulletin,CoursFromAct,CouursToAct,CoursSupervisorInt,CoursSupervisorExt,CoursYear,CoursArea,CoursSection,CoursGenRept,CoursAreaRept,CoursLocation,CoursStatus from Courses where CoursId=? - Unknown column 'CouursToAct' in 'field list'</message>
</incident>
<incident>
<timestamp>16-07-2023 11:26:15</timestamp>
<incidentId>0301012420230716112615</incidentId>
<message>select CoursCrsId,CoursType,CoursBulletin,CoursFromAct,CouursToAct,CoursSupervisorInt,CoursSupervisorExt,CoursYear,CoursArea,CoursSection,CoursGenRept,CoursAreaRept,CoursLocation,CoursStatus from Courses where CoursId=? - Unknown column 'CouursToAct' in 'field list'</message>
</incident>
<incident>
<timestamp>16-07-2023 12:28:30</timestamp>
<incidentId>0301012420230716122830</incidentId>
<message>select CoursCrsId,CoursType,CoursBulletin,CoursFromAct,CouursToAct,CoursSupervisorInt,CoursSupervisorExt,CoursYear,CoursArea,CoursSection,CoursGenRept,CoursAreaRept,CoursLocation,CoursStatus from Courses where CoursId=? - Unknown column 'CouursToAct' in 'field list'</message>
</incident>
<incident>
<timestamp>16-07-2023 13:51:31</timestamp>
<incidentId>0301012420230716135131</incidentId>
<message>select CoursCrsId,CoursType,CoursBulletin,CoursFromAct,CouursToAct,CoursSupervisorInt,CoursSupervisorExt,CoursYear,CoursArea,CoursSection,CoursGenRept,CoursAreaRept,CoursLocation,CoursStatus from Courses where CoursId=? - Unknown column 'CouursToAct' in 'field list'</message>
</incident>
<incident>
<timestamp>17-07-2023 09:02:34</timestamp>
<incidentId>0301012420230717090234</incidentId>
<message>select CoursCrsId,CoursType,CoursBulletin,CoursFromAct,CouursToAct,CoursSupervisorInt,CoursSupervisorExt,CoursYear,CoursArea,CoursSection,CoursGenRept,CoursAreaRept,CoursLocation,CoursStatus from Courses where CoursId=? - Unknown column 'CouursToAct' in 'field list'</message>
</incident>
<incident>
<timestamp>17-07-2023 09:03:24</timestamp>
<incidentId>0301012420230717090324</incidentId>
<message>select CoursCrsId,CoursType,CoursBulletin,CoursFromAct,CouursToAct,CoursSupervisorInt,CoursSupervisorExt,CoursYear,CoursArea,CoursSection,CoursGenRept,CoursAreaRept,CoursLocation,CoursStatus from Courses where CoursId=? - Unknown column 'CouursToAct' in 'field list'</message>
</incident>
<incident>
<timestamp>17-07-2023 09:04:35</timestamp>
<incidentId>0301012420230717090435</incidentId>
<message>select CoursCrsId,CoursType,CoursBulletin,CoursFromAct,CouursToAct,CoursSupervisorInt,CoursSupervisorExt,CoursYear,CoursArea,CoursSection,CoursGenRept,CoursAreaRept,CoursLocation,CoursStatus from Courses where CoursId=? - Unknown column 'CouursToAct' in 'field list'</message>
</incident>
<incident>
<timestamp>17-07-2023 09:04:50</timestamp>
<incidentId>0301012420230717090450</incidentId>
<message>select CoursCrsId,CoursType,CoursBulletin,CoursFromAct,CouursToAct,CoursSupervisorInt,CoursSupervisorExt,CoursYear,CoursArea,CoursSection,CoursGenRept,CoursAreaRept,CoursLocation,CoursStatus from Courses where CoursId=? - Unknown column 'CouursToAct' in 'field list'</message>
</incident>
<incident>
<timestamp>17-07-2023 09:05:07</timestamp>
<incidentId>0301012420230717090507</incidentId>
<message>select CoursCrsId,CoursType,CoursBulletin,CoursFromAct,CouursToAct,CoursSupervisorInt,CoursSupervisorExt,CoursYear,CoursArea,CoursSection,CoursGenRept,CoursAreaRept,CoursLocation,CoursStatus from Courses where CoursId=? - Unknown column 'CouursToAct' in 'field list'</message>
</incident>
<incident>
<timestamp>31-07-2023 11:28:08</timestamp>
<incidentId>0301012420230731112808</incidentId>
<message>select CoursCrsId,CoursType,CoursBulletin,CoursFromAct,CouursToAct,CoursSupervisorInt,CoursSupervisorExt,CoursYear,CoursArea,CoursSection,CoursGenRept,CoursAreaRept,CoursLocation,CoursStatus from Courses where CoursId=? - Unknown column 'CouursToAct' in 'field list'</message>
</incident>
<incident>
<timestamp>31-07-2023 11:28:35</timestamp>
<incidentId>0301012420230731112835</incidentId>
<message>select CoursCrsId,CoursType,CoursBulletin,CoursFromAct,CouursToAct,CoursSupervisorInt,CoursSupervisorExt,CoursYear,CoursArea,CoursSection,CoursGenRept,CoursAreaRept,CoursLocation,CoursStatus from Courses where CoursId=? - Unknown column 'CouursToAct' in 'field list'</message>
</incident>
<incident>
<timestamp>31-07-2023 11:28:54</timestamp>
<incidentId>0301012420230731112854</incidentId>
<message>select CoursCrsId,CoursType,CoursBulletin,CoursFromAct,CouursToAct,CoursSupervisorInt,CoursSupervisorExt,CoursYear,CoursArea,CoursSection,CoursGenRept,CoursAreaRept,CoursLocation,CoursStatus from Courses where CoursId=? - Unknown column 'CouursToAct' in 'field list'</message>
</incident>
<incident>
<timestamp>01-08-2023 12:02:26</timestamp>
<incidentId>0301012420230801120226</incidentId>
<message>select CoursCrsId,CoursType,CoursBulletin,CoursFromAct,CouursToAct,CoursSupervisorInt,CoursSupervisorExt,CoursYear,CoursArea,CoursSection,CoursGenRept,CoursAreaRept,CoursLocation,CoursStatus from Courses where CoursId=? - Unknown column 'CouursToAct' in 'field list'</message>
</incident>
<incident>
<timestamp>01-08-2023 12:03:03</timestamp>
<incidentId>0301012420230801120303</incidentId>
<message>select CoursCrsId,CoursType,CoursBulletin,CoursFromAct,CouursToAct,CoursSupervisorInt,CoursSupervisorExt,CoursYear,CoursArea,CoursSection,CoursGenRept,CoursAreaRept,CoursLocation,CoursStatus from Courses where CoursId=? - Unknown column 'CouursToAct' in 'field list'</message>
</incident>
<incident>
<timestamp>01-08-2023 12:22:19</timestamp>
<incidentId>0301012420230801122219</incidentId>
<message>select CoursCrsId,CoursType,CoursBulletin,CoursFromAct,CouursToAct,CoursSupervisorInt,CoursSupervisorExt,CoursYear,CoursArea,CoursSection,CoursGenRept,CoursAreaRept,CoursLocation,CoursStatus from Courses where CoursId=? - Unknown column 'CouursToAct' in 'field list'</message>
</incident>
<incident>
<timestamp>01-08-2023 12:22:41</timestamp>
<incidentId>0301012420230801122241</incidentId>
<message>select CoursCrsId,CoursType,CoursBulletin,CoursFromAct,CouursToAct,CoursSupervisorInt,CoursSupervisorExt,CoursYear,CoursArea,CoursSection,CoursGenRept,CoursAreaRept,CoursLocation,CoursStatus from Courses where CoursId=? - Unknown column 'CouursToAct' in 'field list'</message>
</incident>
<incident>
<timestamp>01-08-2023 12:23:24</timestamp>
<incidentId>0301012420230801122324</incidentId>
<message>select CoursCrsId,CoursType,CoursBulletin,CoursFromAct,CouursToAct,CoursSupervisorInt,CoursSupervisorExt,CoursYear,CoursArea,CoursSection,CoursGenRept,CoursAreaRept,CoursLocation,CoursStatus from Courses where CoursId=? - Unknown column 'CouursToAct' in 'field list'</message>
</incident>
<incident>
<timestamp>01-08-2023 12:23:38</timestamp>
<incidentId>0301012420230801122338</incidentId>
<message>select CoursCrsId,CoursType,CoursBulletin,CoursFromAct,CouursToAct,CoursSupervisorInt,CoursSupervisorExt,CoursYear,CoursArea,CoursSection,CoursGenRept,CoursAreaRept,CoursLocation,CoursStatus from Courses where CoursId=? - Unknown column 'CouursToAct' in 'field list'</message>
</incident>
<incident>
<timestamp>01-08-2023 12:26:41</timestamp>
<incidentId>0301012420230801122641</incidentId>
<message>select CoursCrsId,CoursType,CoursBulletin,CoursFromAct,CouursToAct,CoursSupervisorInt,CoursSupervisorExt,CoursYear,CoursArea,CoursSection,CoursGenRept,CoursAreaRept,CoursLocation,CoursStatus from Courses where CoursId=? - Unknown column 'CouursToAct' in 'field list'</message>
</incident>
<incident>
<timestamp>01-08-2023 14:05:02</timestamp>
<incidentId>0301012420230801140502</incidentId>
<message>select CoursCrsId,CoursType,CoursBulletin,CoursFromAct,CouursToAct,CoursSupervisorInt,CoursSupervisorExt,CoursYear,CoursArea,CoursSection,CoursGenRept,CoursAreaRept,CoursLocation,CoursStatus from Courses where CoursId=? - Unknown column 'CouursToAct' in 'field list'</message>
</incident>
<incident>
<timestamp>01-08-2023 14:07:22</timestamp>
<incidentId>0301012420230801140722</incidentId>
<message>select CoursCrsId,CoursType,CoursBulletin,CoursFromAct,CouursToAct,CoursSupervisorInt,CoursSupervisorExt,CoursYear,CoursArea,CoursSection,CoursGenRept,CoursAreaRept,CoursLocation,CoursStatus from Courses where CoursId=? - Unknown column 'CouursToAct' in 'field list'</message>
</incident>
<incident>
<timestamp>01-08-2023 14:07:38</timestamp>
<incidentId>0301012420230801140738</incidentId>
<message>select CoursCrsId,CoursType,CoursBulletin,CoursFromAct,CouursToAct,CoursSupervisorInt,CoursSupervisorExt,CoursYear,CoursArea,CoursSection,CoursGenRept,CoursAreaRept,CoursLocation,CoursStatus from Courses where CoursId=? - Unknown column 'CouursToAct' in 'field list'</message>
</incident>
<incident>
<timestamp>02-08-2023 10:02:49</timestamp>
<incidentId>0301012420230802100249</incidentId>
<message>select CoursCrsId,CoursType,CoursBulletin,CoursFromAct,CouursToAct,CoursSupervisorInt,CoursSupervisorExt,CoursYear,CoursArea,CoursSection,CoursGenRept,CoursAreaRept,CoursLocation,CoursStatus from Courses where CoursId=? - Unknown column 'CouursToAct' in 'field list'</message>
</incident>
<incident>
<timestamp>09-08-2023 12:15:51</timestamp>
<incidentId>0301011020230809121551</incidentId>
<message>select CoursCrsId,CoursType,CoursBulletin,CoursFromAct,CouursToAct,CoursSupervisorInt,CoursSupervisorExt,CoursYear,CoursArea,CoursSection,CoursGenRept,CoursAreaRept,CoursLocation,CoursStatus from Courses where CoursId=? - Unknown column 'CouursToAct' in 'field list'</message>
</incident>
<incident>
<timestamp>09-08-2023 12:16:12</timestamp>
<incidentId>0301011020230809121612</incidentId>
<message>select CoursCrsId,CoursType,CoursBulletin,CoursFromAct,CouursToAct,CoursSupervisorInt,CoursSupervisorExt,CoursYear,CoursArea,CoursSection,CoursGenRept,CoursAreaRept,CoursLocation,CoursStatus from Courses where CoursId=? - Unknown column 'CouursToAct' in 'field list'</message>
</incident>
<incident>
<timestamp>09-08-2023 12:16:26</timestamp>
<incidentId>0301011020230809121626</incidentId>
<message>select CoursCrsId,CoursType,CoursBulletin,CoursFromAct,CouursToAct,CoursSupervisorInt,CoursSupervisorExt,CoursYear,CoursArea,CoursSection,CoursGenRept,CoursAreaRept,CoursLocation,CoursStatus from Courses where CoursId=? - Unknown column 'CouursToAct' in 'field list'</message>
</incident>
<incident>
<timestamp>10-08-2023 10:21:19</timestamp>
<incidentId>0301012420230810102119</incidentId>
<message>select CoursCrsId,CoursType,CoursBulletin,CoursFromAct,CouursToAct,CoursSupervisorInt,CoursSupervisorExt,CoursYear,CoursArea,CoursSection,CoursGenRept,CoursAreaRept,CoursLocation,CoursStatus from Courses where CoursId=? - Unknown column 'CouursToAct' in 'field list'</message>
</incident>
<incident>
<timestamp>10-08-2023 11:41:54</timestamp>
<incidentId>0301012420230810114154</incidentId>
<message>select CoursCrsId,CoursType,CoursBulletin,CoursFromAct,CouursToAct,CoursSupervisorInt,CoursSupervisorExt,CoursYear,CoursArea,CoursSection,CoursGenRept,CoursAreaRept,CoursLocation,CoursStatus from Courses where CoursId=? - Unknown column 'CouursToAct' in 'field list'</message>
</incident>
<incident>
<timestamp>10-08-2023 11:43:41</timestamp>
<incidentId>0301012420230810114341</incidentId>
<message>select CoursCrsId,CoursType,CoursBulletin,CoursFromAct,CouursToAct,CoursSupervisorInt,CoursSupervisorExt,CoursYear,CoursArea,CoursSection,CoursGenRept,CoursAreaRept,CoursLocation,CoursStatus from Courses where CoursId=? - Unknown column 'CouursToAct' in 'field list'</message>
</incident>
<incident>
<timestamp>10-08-2023 11:47:16</timestamp>
<incidentId>0301012420230810114716</incidentId>
<message>select CoursCrsId,CoursType,CoursBulletin,CoursFromAct,CouursToAct,CoursSupervisorInt,CoursSupervisorExt,CoursYear,CoursArea,CoursSection,CoursGenRept,CoursAreaRept,CoursLocation,CoursStatus from Courses where CoursId=? - Unknown column 'CouursToAct' in 'field list'</message>
</incident>
<incident>
<timestamp>10-08-2023 11:49:18</timestamp>
<incidentId>0301012420230810114918</incidentId>
<message>select CoursCrsId,CoursType,CoursBulletin,CoursFromAct,CouursToAct,CoursSupervisorInt,CoursSupervisorExt,CoursYear,CoursArea,CoursSection,CoursGenRept,CoursAreaRept,CoursLocation,CoursStatus from Courses where CoursId=? - Unknown column 'CouursToAct' in 'field list'</message>
</incident>
<incident>
<timestamp>10-08-2023 12:24:40</timestamp>
<incidentId>0301012420230810122440</incidentId>
<message>select CoursCrsId,CoursType,CoursBulletin,CoursFromAct,CouursToAct,CoursSupervisorInt,CoursSupervisorExt,CoursYear,CoursArea,CoursSection,CoursGenRept,CoursAreaRept,CoursLocation,CoursStatus from Courses where CoursId=? - Unknown column 'CouursToAct' in 'field list'</message>
</incident>
<incident>
<timestamp>10-08-2023 12:27:54</timestamp>
<incidentId>0301012420230810122754</incidentId>
<message>select CoursCrsId,CoursType,CoursBulletin,CoursFromAct,CouursToAct,CoursSupervisorInt,CoursSupervisorExt,CoursYear,CoursArea,CoursSection,CoursGenRept,CoursAreaRept,CoursLocation,CoursStatus from Courses where CoursId=? - Unknown column 'CouursToAct' in 'field list'</message>
</incident>
<incident>
<timestamp>10-08-2023 12:35:05</timestamp>
<incidentId>0301012420230810123505</incidentId>
<message>select CoursCrsId,CoursType,CoursBulletin,CoursFromAct,CouursToAct,CoursSupervisorInt,CoursSupervisorExt,CoursYear,CoursArea,CoursSection,CoursGenRept,CoursAreaRept,CoursLocation,CoursStatus from Courses where CoursId=? - Unknown column 'CouursToAct' in 'field list'</message>
</incident>
<incident>
<timestamp>10-08-2023 12:58:11</timestamp>
<incidentId>0301012420230810125811</incidentId>
<message>select CoursCrsId,CoursType,CoursBulletin,CoursFromAct,CouursToAct,CoursSupervisorInt,CoursSupervisorExt,CoursYear,CoursArea,CoursSection,CoursGenRept,CoursAreaRept,CoursLocation,CoursStatus from Courses where CoursId=? - Unknown column 'CouursToAct' in 'field list'</message>
</incident>
<incident>
<timestamp>10-08-2023 13:10:26</timestamp>
<incidentId>0301012420230810131026</incidentId>
<message>select CoursCrsId,CoursType,CoursBulletin,CoursFromAct,CouursToAct,CoursSupervisorInt,CoursSupervisorExt,CoursYear,CoursArea,CoursSection,CoursGenRept,CoursAreaRept,CoursLocation,CoursStatus from Courses where CoursId=? - Unknown column 'CouursToAct' in 'field list'</message>
</incident>
<incident>
<timestamp>10-08-2023 13:10:52</timestamp>
<incidentId>0301012420230810131052</incidentId>
<message>select CoursCrsId,CoursType,CoursBulletin,CoursFromAct,CouursToAct,CoursSupervisorInt,CoursSupervisorExt,CoursYear,CoursArea,CoursSection,CoursGenRept,CoursAreaRept,CoursLocation,CoursStatus from Courses where CoursId=? - Unknown column 'CouursToAct' in 'field list'</message>
</incident>
<incident>
<timestamp>10-08-2023 13:11:06</timestamp>
<incidentId>0301012420230810131106</incidentId>
<message>select CoursCrsId,CoursType,CoursBulletin,CoursFromAct,CouursToAct,CoursSupervisorInt,CoursSupervisorExt,CoursYear,CoursArea,CoursSection,CoursGenRept,CoursAreaRept,CoursLocation,CoursStatus from Courses where CoursId=? - Unknown column 'CouursToAct' in 'field list'</message>
</incident>
<incident>
<timestamp>10-08-2023 13:11:53</timestamp>
<incidentId>0301012420230810131153</incidentId>
<message>select CoursCrsId,CoursType,CoursBulletin,CoursFromAct,CouursToAct,CoursSupervisorInt,CoursSupervisorExt,CoursYear,CoursArea,CoursSection,CoursGenRept,CoursAreaRept,CoursLocation,CoursStatus from Courses where CoursId=? - Unknown column 'CouursToAct' in 'field list'</message>
</incident>
<incident>
<timestamp>14-08-2023 10:16:57</timestamp>
<incidentId>0301012420230814101657</incidentId>
<message>select CoursCrsId,CoursType,CoursBulletin,CoursFromAct,CouursToAct,CoursSupervisorInt,CoursSupervisorExt,CoursYear,CoursArea,CoursSection,CoursGenRept,CoursAreaRept,CoursLocation,CoursStatus from Courses where CoursId=? - Unknown column 'CouursToAct' in 'field list'</message>
</incident>
<incident>
<timestamp>14-08-2023 10:17:37</timestamp>
<incidentId>0301012420230814101737</incidentId>
<message>select CoursCrsId,CoursType,CoursBulletin,CoursFromAct,CouursToAct,CoursSupervisorInt,CoursSupervisorExt,CoursYear,CoursArea,CoursSection,CoursGenRept,CoursAreaRept,CoursLocation,CoursStatus from Courses where CoursId=? - Unknown column 'CouursToAct' in 'field list'</message>
</incident>
<incident>
<timestamp>14-08-2023 10:17:47</timestamp>
<incidentId>0301012420230814101747</incidentId>
<message>select CoursCrsId,CoursType,CoursBulletin,CoursFromAct,CouursToAct,CoursSupervisorInt,CoursSupervisorExt,CoursYear,CoursArea,CoursSection,CoursGenRept,CoursAreaRept,CoursLocation,CoursStatus from Courses where CoursId=? - Unknown column 'CouursToAct' in 'field list'</message>
</incident>
<incident>
<timestamp>15-08-2023 12:06:17</timestamp>
<incidentId>0301012420230815120617</incidentId>
<message>select CoursCrsId,CoursType,CoursBulletin,CoursFromAct,CouursToAct,CoursSupervisorInt,CoursSupervisorExt,CoursYear,CoursArea,CoursSection,CoursGenRept,CoursAreaRept,CoursLocation,CoursStatus from Courses where CoursId=? - Unknown column 'CouursToAct' in 'field list'</message>
</incident>
<incident>
<timestamp>15-08-2023 12:35:56</timestamp>
<incidentId>0301012420230815123556</incidentId>
<message>select CoursCrsId,CoursType,CoursBulletin,CoursFromAct,CouursToAct,CoursSupervisorInt,CoursSupervisorExt,CoursYear,CoursArea,CoursSection,CoursGenRept,CoursAreaRept,CoursLocation,CoursStatus from Courses where CoursId=? - Unknown column 'CouursToAct' in 'field list'</message>
</incident>
<incident>
<timestamp>15-08-2023 12:37:54</timestamp>
<incidentId>0301012420230815123754</incidentId>
<message>select CoursCrsId,CoursType,CoursBulletin,CoursFromAct,CouursToAct,CoursSupervisorInt,CoursSupervisorExt,CoursYear,CoursArea,CoursSection,CoursGenRept,CoursAreaRept,CoursLocation,CoursStatus from Courses where CoursId=? - Unknown column 'CouursToAct' in 'field list'</message>
</incident>
<incident>
<timestamp>17-08-2023 11:59:14</timestamp>
<incidentId>0301012420230817115914</incidentId>
<message>select CoursCrsId,CoursType,CoursBulletin,CoursFromAct,CouursToAct,CoursSupervisorInt,CoursSupervisorExt,CoursYear,CoursArea,CoursSection,CoursGenRept,CoursAreaRept,CoursLocation,CoursStatus from Courses where CoursId=? - Unknown column 'CouursToAct' in 'field list'</message>
</incident>
<incident>
<timestamp>20-08-2023 10:32:31</timestamp>
<incidentId>0301012420230820103231</incidentId>
<message>select CoursCrsId,CoursType,CoursBulletin,CoursFromAct,CouursToAct,CoursSupervisorInt,CoursSupervisorExt,CoursYear,CoursArea,CoursSection,CoursGenRept,CoursAreaRept,CoursLocation,CoursStatus from Courses where CoursId=? - Unknown column 'CouursToAct' in 'field list'</message>
</incident>
<incident>
<timestamp>21-08-2023 12:54:10</timestamp>
<incidentId>0301012420230821125410</incidentId>
<message>select CoursCrsId,CoursType,CoursBulletin,CoursFromAct,CouursToAct,CoursSupervisorInt,CoursSupervisorExt,CoursYear,CoursArea,CoursSection,CoursGenRept,CoursAreaRept,CoursLocation,CoursStatus from Courses where CoursId=? - Unknown column 'CouursToAct' in 'field list'</message>
</incident>
<incident>
<timestamp>22-08-2023 11:34:58</timestamp>
<incidentId>0301012420230822113458</incidentId>
<message>select CoursCrsId,CoursType,CoursBulletin,CoursFromAct,CouursToAct,CoursSupervisorInt,CoursSupervisorExt,CoursYear,CoursArea,CoursSection,CoursGenRept,CoursAreaRept,CoursLocation,CoursStatus from Courses where CoursId=? - Unknown column 'CouursToAct' in 'field list'</message>
</incident>
<incident>
<timestamp>22-08-2023 11:35:48</timestamp>
<incidentId>0301012420230822113548</incidentId>
<message>select CoursCrsId,CoursType,CoursBulletin,CoursFromAct,CouursToAct,CoursSupervisorInt,CoursSupervisorExt,CoursYear,CoursArea,CoursSection,CoursGenRept,CoursAreaRept,CoursLocation,CoursStatus from Courses where CoursId=? - Unknown column 'CouursToAct' in 'field list'</message>
</incident>
<incident>
<timestamp>23-08-2023 12:12:20</timestamp>
<incidentId>0301012420230823121220</incidentId>
<message>select CoursCrsId,CoursType,CoursBulletin,CoursFromAct,CouursToAct,CoursSupervisorInt,CoursSupervisorExt,CoursYear,CoursArea,CoursSection,CoursGenRept,CoursAreaRept,CoursLocation,CoursStatus from Courses where CoursId=? - Unknown column 'CouursToAct' in 'field list'</message>
</incident>
<incident>
<timestamp>23-08-2023 12:29:27</timestamp>
<incidentId>0301012420230823122927</incidentId>
<message>select CoursCrsId,CoursType,CoursBulletin,CoursFromAct,CouursToAct,CoursSupervisorInt,CoursSupervisorExt,CoursYear,CoursArea,CoursSection,CoursGenRept,CoursAreaRept,CoursLocation,CoursStatus from Courses where CoursId=? - Unknown column 'CouursToAct' in 'field list'</message>
</incident>
<incident>
<timestamp>24-08-2023 09:35:31</timestamp>
<incidentId>0301012420230824093531</incidentId>
<message>select CoursCrsId,CoursType,CoursBulletin,CoursFromAct,CouursToAct,CoursSupervisorInt,CoursSupervisorExt,CoursYear,CoursArea,CoursSection,CoursGenRept,CoursAreaRept,CoursLocation,CoursStatus from Courses where CoursId=? - Unknown column 'CouursToAct' in 'field list'</message>
</incident>
<incident>
<timestamp>24-08-2023 09:36:08</timestamp>
<incidentId>0301012420230824093608</incidentId>
<message>select CoursCrsId,CoursType,CoursBulletin,CoursFromAct,CouursToAct,CoursSupervisorInt,CoursSupervisorExt,CoursYear,CoursArea,CoursSection,CoursGenRept,CoursAreaRept,CoursLocation,CoursStatus from Courses where CoursId=? - Unknown column 'CouursToAct' in 'field list'</message>
</incident>
<incident>
<timestamp>24-08-2023 09:37:04</timestamp>
<incidentId>0301012420230824093704</incidentId>
<message>select CoursCrsId,CoursType,CoursBulletin,CoursFromAct,CouursToAct,CoursSupervisorInt,CoursSupervisorExt,CoursYear,CoursArea,CoursSection,CoursGenRept,CoursAreaRept,CoursLocation,CoursStatus from Courses where CoursId=? - Unknown column 'CouursToAct' in 'field list'</message>
</incident>
<incident>
<timestamp>24-08-2023 10:12:55</timestamp>
<incidentId>0301012420230824101255</incidentId>
<message>select CoursCrsId,CoursType,CoursBulletin,CoursFromAct,CouursToAct,CoursSupervisorInt,CoursSupervisorExt,CoursYear,CoursArea,CoursSection,CoursGenRept,CoursAreaRept,CoursLocation,CoursStatus from Courses where CoursId=? - Unknown column 'CouursToAct' in 'field list'</message>
</incident>
<incident>
<timestamp>24-08-2023 10:13:36</timestamp>
<incidentId>0301012420230824101336</incidentId>
<message>select CoursCrsId,CoursType,CoursBulletin,CoursFromAct,CouursToAct,CoursSupervisorInt,CoursSupervisorExt,CoursYear,CoursArea,CoursSection,CoursGenRept,CoursAreaRept,CoursLocation,CoursStatus from Courses where CoursId=? - Unknown column 'CouursToAct' in 'field list'</message>
</incident>
<incident>
<timestamp>24-08-2023 10:14:31</timestamp>
<incidentId>0301012420230824101431</incidentId>
<message>select CoursCrsId,CoursType,CoursBulletin,CoursFromAct,CouursToAct,CoursSupervisorInt,CoursSupervisorExt,CoursYear,CoursArea,CoursSection,CoursGenRept,CoursAreaRept,CoursLocation,CoursStatus from Courses where CoursId=? - Unknown column 'CouursToAct' in 'field list'</message>
</incident>
<incident>
<timestamp>24-08-2023 10:14:41</timestamp>
<incidentId>0301012420230824101441</incidentId>
<message>select CoursCrsId,CoursType,CoursBulletin,CoursFromAct,CouursToAct,CoursSupervisorInt,CoursSupervisorExt,CoursYear,CoursArea,CoursSection,CoursGenRept,CoursAreaRept,CoursLocation,CoursStatus from Courses where CoursId=? - Unknown column 'CouursToAct' in 'field list'</message>
</incident>
<incident>
<timestamp>24-08-2023 11:17:23</timestamp>
<incidentId>0301012420230824111723</incidentId>
<message>select CoursCrsId,CoursType,CoursBulletin,CoursFromAct,CouursToAct,CoursSupervisorInt,CoursSupervisorExt,CoursYear,CoursArea,CoursSection,CoursGenRept,CoursAreaRept,CoursLocation,CoursStatus from Courses where CoursId=? - Unknown column 'CouursToAct' in 'field list'</message>
</incident>
<incident>
<timestamp>24-08-2023 11:53:18</timestamp>
<incidentId>0301012420230824115318</incidentId>
<message>select CoursCrsId,CoursType,CoursBulletin,CoursFromAct,CouursToAct,CoursSupervisorInt,CoursSupervisorExt,CoursYear,CoursArea,CoursSection,CoursGenRept,CoursAreaRept,CoursLocation,CoursStatus from Courses where CoursId=? - Unknown column 'CouursToAct' in 'field list'</message>
</incident>
<incident>
<timestamp>24-08-2023 11:54:33</timestamp>
<incidentId>0301012420230824115433</incidentId>
<message>select CoursCrsId,CoursType,CoursBulletin,CoursFromAct,CouursToAct,CoursSupervisorInt,CoursSupervisorExt,CoursYear,CoursArea,CoursSection,CoursGenRept,CoursAreaRept,CoursLocation,CoursStatus from Courses where CoursId=? - Unknown column 'CouursToAct' in 'field list'</message>
</incident>
<incident>
<timestamp>27-08-2023 13:29:02</timestamp>
<incidentId>0301012420230827132902</incidentId>
<message>select CoursCrsId,CoursType,CoursBulletin,CoursFromAct,CouursToAct,CoursSupervisorInt,CoursSupervisorExt,CoursYear,CoursArea,CoursSection,CoursGenRept,CoursAreaRept,CoursLocation,CoursStatus from Courses where CoursId=? - Unknown column 'CouursToAct' in 'field list'</message>
</incident>
<incident>
<timestamp>28-08-2023 08:39:01</timestamp>
<incidentId>0301012420230828083901</incidentId>
<message>select CoursCrsId,CoursType,CoursBulletin,CoursFromAct,CouursToAct,CoursSupervisorInt,CoursSupervisorExt,CoursYear,CoursArea,CoursSection,CoursGenRept,CoursAreaRept,CoursLocation,CoursStatus from Courses where CoursId=? - Unknown column 'CouursToAct' in 'field list'</message>
</incident>
<incident>
<timestamp>28-08-2023 10:34:41</timestamp>
<incidentId>0301012420230828103441</incidentId>
<message>select CoursCrsId,CoursType,CoursBulletin,CoursFromAct,CouursToAct,CoursSupervisorInt,CoursSupervisorExt,CoursYear,CoursArea,CoursSection,CoursGenRept,CoursAreaRept,CoursLocation,CoursStatus from Courses where CoursId=? - Unknown column 'CouursToAct' in 'field list'</message>
</incident>
<incident>
<timestamp>28-08-2023 10:46:26</timestamp>
<incidentId>0301012420230828104626</incidentId>
<message>select CoursCrsId,CoursType,CoursBulletin,CoursFromAct,CouursToAct,CoursSupervisorInt,CoursSupervisorExt,CoursYear,CoursArea,CoursSection,CoursGenRept,CoursAreaRept,CoursLocation,CoursStatus from Courses where CoursId=? - Unknown column 'CouursToAct' in 'field list'</message>
</incident>
<incident>
<timestamp>28-08-2023 10:46:41</timestamp>
<incidentId>0301012420230828104641</incidentId>
<message>select CoursCrsId,CoursType,CoursBulletin,CoursFromAct,CouursToAct,CoursSupervisorInt,CoursSupervisorExt,CoursYear,CoursArea,CoursSection,CoursGenRept,CoursAreaRept,CoursLocation,CoursStatus from Courses where CoursId=? - Unknown column 'CouursToAct' in 'field list'</message>
</incident>
<incident>
<timestamp>28-08-2023 10:47:14</timestamp>
<incidentId>0301012420230828104714</incidentId>
<message>select CoursCrsId,CoursType,CoursBulletin,CoursFromAct,CouursToAct,CoursSupervisorInt,CoursSupervisorExt,CoursYear,CoursArea,CoursSection,CoursGenRept,CoursAreaRept,CoursLocation,CoursStatus from Courses where CoursId=? - Unknown column 'CouursToAct' in 'field list'</message>
</incident>
<incident>
<timestamp>28-08-2023 10:47:32</timestamp>
<incidentId>0301012420230828104732</incidentId>
<message>select CoursCrsId,CoursType,CoursBulletin,CoursFromAct,CouursToAct,CoursSupervisorInt,CoursSupervisorExt,CoursYear,CoursArea,CoursSection,CoursGenRept,CoursAreaRept,CoursLocation,CoursStatus from Courses where CoursId=? - Unknown column 'CouursToAct' in 'field list'</message>
</incident>
<incident>
<timestamp>28-08-2023 10:48:28</timestamp>
<incidentId>0301012420230828104828</incidentId>
<message>select CoursCrsId,CoursType,CoursBulletin,CoursFromAct,CouursToAct,CoursSupervisorInt,CoursSupervisorExt,CoursYear,CoursArea,CoursSection,CoursGenRept,CoursAreaRept,CoursLocation,CoursStatus from Courses where CoursId=? - Unknown column 'CouursToAct' in 'field list'</message>
</incident>
<incident>
<timestamp>30-08-2023 13:29:08</timestamp>
<incidentId>0301011020230830132908</incidentId>
<message>select CoursCrsId,CoursType,CoursBulletin,CoursFromAct,CouursToAct,CoursSupervisorInt,CoursSupervisorExt,CoursYear,CoursArea,CoursSection,CoursGenRept,CoursAreaRept,CoursLocation,CoursStatus from Courses where CoursId=? - Unknown column 'CouursToAct' in 'field list'</message>
</incident>
<incident>
<timestamp>30-08-2023 13:49:35</timestamp>
<incidentId>0301011020230830134935</incidentId>
<message>select CoursCrsId,CoursType,CoursBulletin,CoursFromAct,CouursToAct,CoursSupervisorInt,CoursSupervisorExt,CoursYear,CoursArea,CoursSection,CoursGenRept,CoursAreaRept,CoursLocation,CoursStatus from Courses where CoursId=? - Unknown column 'CouursToAct' in 'field list'</message>
</incident>
<incident>
<timestamp>30-08-2023 14:01:29</timestamp>
<incidentId>0301012420230830140129</incidentId>
<message>select CoursCrsId,CoursType,CoursBulletin,CoursFromAct,CouursToAct,CoursSupervisorInt,CoursSupervisorExt,CoursYear,CoursArea,CoursSection,CoursGenRept,CoursAreaRept,CoursLocation,CoursStatus from Courses where CoursId=? - Unknown column 'CouursToAct' in 'field list'</message>
</incident>
<incident>
<timestamp>30-08-2023 14:14:19</timestamp>
<incidentId>0301012420230830141419</incidentId>
<message>select CoursCrsId,CoursType,CoursBulletin,CoursFromAct,CouursToAct,CoursSupervisorInt,CoursSupervisorExt,CoursYear,CoursArea,CoursSection,CoursGenRept,CoursAreaRept,CoursLocation,CoursStatus from Courses where CoursId=? - Unknown column 'CouursToAct' in 'field list'</message>
</incident>
<incident>
<timestamp>30-08-2023 14:29:04</timestamp>
<incidentId>0301012420230830142904</incidentId>
<message>select CoursCrsId,CoursType,CoursBulletin,CoursFromAct,CouursToAct,CoursSupervisorInt,CoursSupervisorExt,CoursYear,CoursArea,CoursSection,CoursGenRept,CoursAreaRept,CoursLocation,CoursStatus from Courses where CoursId=? - Unknown column 'CouursToAct' in 'field list'</message>
</incident>
<incident>
<timestamp>30-08-2023 15:26:48</timestamp>
<incidentId>0301012420230830152648</incidentId>
<message>select CoursCrsId,CoursType,CoursBulletin,CoursFromAct,CouursToAct,CoursSupervisorInt,CoursSupervisorExt,CoursYear,CoursArea,CoursSection,CoursGenRept,CoursAreaRept,CoursLocation,CoursStatus from Courses where CoursId=? - Unknown column 'CouursToAct' in 'field list'</message>
</incident>
<incident>
<timestamp>30-08-2023 15:28:11</timestamp>
<incidentId>0301012420230830152811</incidentId>
<message>select CoursCrsId,CoursType,CoursBulletin,CoursFromAct,CouursToAct,CoursSupervisorInt,CoursSupervisorExt,CoursYear,CoursArea,CoursSection,CoursGenRept,CoursAreaRept,CoursLocation,CoursStatus from Courses where CoursId=? - Unknown column 'CouursToAct' in 'field list'</message>
</incident>
<incident>
<timestamp>30-08-2023 16:01:55</timestamp>
<incidentId>0301012420230830160155</incidentId>
<message>select CoursCrsId,CoursType,CoursBulletin,CoursFromAct,CouursToAct,CoursSupervisorInt,CoursSupervisorExt,CoursYear,CoursArea,CoursSection,CoursGenRept,CoursAreaRept,CoursLocation,CoursStatus from Courses where CoursId=? - Unknown column 'CouursToAct' in 'field list'</message>
</incident>
<incident>
<timestamp>06-09-2023 12:36:26</timestamp>
<incidentId>0301012420230906123626</incidentId>
<message>select CoursCrsId,CoursType,CoursBulletin,CoursFromAct,CouursToAct,CoursSupervisorInt,CoursSupervisorExt,CoursYear,CoursArea,CoursSection,CoursGenRept,CoursAreaRept,CoursLocation,CoursStatus from Courses where CoursId=? - Unknown column 'CouursToAct' in 'field list'</message>
</incident>
<incident>
<timestamp>07-09-2023 09:04:40</timestamp>
<incidentId>0301012420230907090440</incidentId>
<message>select CoursCrsId,CoursType,CoursBulletin,CoursFromAct,CouursToAct,CoursSupervisorInt,CoursSupervisorExt,CoursYear,CoursArea,CoursSection,CoursGenRept,CoursAreaRept,CoursLocation,CoursStatus from Courses where CoursId=? - Unknown column 'CouursToAct' in 'field list'</message>
</incident>
<incident>
<timestamp>07-09-2023 09:20:47</timestamp>
<incidentId>0301012420230907092047</incidentId>
<message>select CoursCrsId,CoursType,CoursBulletin,CoursFromAct,CouursToAct,CoursSupervisorInt,CoursSupervisorExt,CoursYear,CoursArea,CoursSection,CoursGenRept,CoursAreaRept,CoursLocation,CoursStatus from Courses where CoursId=? - Unknown column 'CouursToAct' in 'field list'</message>
</incident>
<incident>
<timestamp>07-09-2023 09:21:15</timestamp>
<incidentId>0301012420230907092115</incidentId>
<message>select CoursCrsId,CoursType,CoursBulletin,CoursFromAct,CouursToAct,CoursSupervisorInt,CoursSupervisorExt,CoursYear,CoursArea,CoursSection,CoursGenRept,CoursAreaRept,CoursLocation,CoursStatus from Courses where CoursId=? - Unknown column 'CouursToAct' in 'field list'</message>
</incident>
<incident>
<timestamp>07-09-2023 09:21:33</timestamp>
<incidentId>0301012420230907092133</incidentId>
<message>select CoursCrsId,CoursType,CoursBulletin,CoursFromAct,CouursToAct,CoursSupervisorInt,CoursSupervisorExt,CoursYear,CoursArea,CoursSection,CoursGenRept,CoursAreaRept,CoursLocation,CoursStatus from Courses where CoursId=? - Unknown column 'CouursToAct' in 'field list'</message>
</incident>
<incident>
<timestamp>07-09-2023 11:09:44</timestamp>
<incidentId>0301012420230907110944</incidentId>
<message>select CoursCrsId,CoursType,CoursBulletin,CoursFromAct,CouursToAct,CoursSupervisorInt,CoursSupervisorExt,CoursYear,CoursArea,CoursSection,CoursGenRept,CoursAreaRept,CoursLocation,CoursStatus from Courses where CoursId=? - Unknown column 'CouursToAct' in 'field list'</message>
</incident>
<incident>
<timestamp>17-09-2023 13:44:27</timestamp>
<incidentId>0301012420230917134427</incidentId>
<message>select CoursCrsId,CoursType,CoursBulletin,CoursFromAct,CouursToAct,CoursSupervisorInt,CoursSupervisorExt,CoursYear,CoursArea,CoursSection,CoursGenRept,CoursAreaRept,CoursLocation,CoursStatus from Courses where CoursId=? - Unknown column 'CouursToAct' in 'field list'</message>
</incident>
<incident>
<timestamp>17-09-2023 13:45:16</timestamp>
<incidentId>0301012420230917134516</incidentId>
<message>select CoursCrsId,CoursType,CoursBulletin,CoursFromAct,CouursToAct,CoursSupervisorInt,CoursSupervisorExt,CoursYear,CoursArea,CoursSection,CoursGenRept,CoursAreaRept,CoursLocation,CoursStatus from Courses where CoursId=? - Unknown column 'CouursToAct' in 'field list'</message>
</incident>
<incident>
<timestamp>18-09-2023 10:28:59</timestamp>
<incidentId>0301012420230918102859</incidentId>
<message>select CoursCrsId,CoursType,CoursBulletin,CoursFromAct,CouursToAct,CoursSupervisorInt,CoursSupervisorExt,CoursYear,CoursArea,CoursSection,CoursGenRept,CoursAreaRept,CoursLocation,CoursStatus from Courses where CoursId=? - Unknown column 'CouursToAct' in 'field list'</message>
</incident>
<incident>
<timestamp>18-09-2023 10:29:43</timestamp>
<incidentId>0301012420230918102943</incidentId>
<message>select CoursCrsId,CoursType,CoursBulletin,CoursFromAct,CouursToAct,CoursSupervisorInt,CoursSupervisorExt,CoursYear,CoursArea,CoursSection,CoursGenRept,CoursAreaRept,CoursLocation,CoursStatus from Courses where CoursId=? - Unknown column 'CouursToAct' in 'field list'</message>
</incident>
<incident>
<timestamp>18-09-2023 10:30:38</timestamp>
<incidentId>0301012420230918103038</incidentId>
<message>select CoursCrsId,CoursType,CoursBulletin,CoursFromAct,CouursToAct,CoursSupervisorInt,CoursSupervisorExt,CoursYear,CoursArea,CoursSection,CoursGenRept,CoursAreaRept,CoursLocation,CoursStatus from Courses where CoursId=? - Unknown column 'CouursToAct' in 'field list'</message>
</incident>
<incident>
<timestamp>18-09-2023 10:31:40</timestamp>
<incidentId>0301012420230918103140</incidentId>
<message>select CoursCrsId,CoursType,CoursBulletin,CoursFromAct,CouursToAct,CoursSupervisorInt,CoursSupervisorExt,CoursYear,CoursArea,CoursSection,CoursGenRept,CoursAreaRept,CoursLocation,CoursStatus from Courses where CoursId=? - Unknown column 'CouursToAct' in 'field list'</message>
</incident>
<incident>
<timestamp>18-09-2023 10:56:03</timestamp>
<incidentId>0301012420230918105603</incidentId>
<message>select CoursCrsId,CoursType,CoursBulletin,CoursFromAct,CouursToAct,CoursSupervisorInt,CoursSupervisorExt,CoursYear,CoursArea,CoursSection,CoursGenRept,CoursAreaRept,CoursLocation,CoursStatus from Courses where CoursId=? - Unknown column 'CouursToAct' in 'field list'</message>
</incident>
<incident>
<timestamp>18-09-2023 11:47:28</timestamp>
<incidentId>0301012420230918114728</incidentId>
<message>select CoursCrsId,CoursType,CoursBulletin,CoursFromAct,CouursToAct,CoursSupervisorInt,CoursSupervisorExt,CoursYear,CoursArea,CoursSection,CoursGenRept,CoursAreaRept,CoursLocation,CoursStatus from Courses where CoursId=? - Unknown column 'CouursToAct' in 'field list'</message>
</incident>
<incident>
<timestamp>18-09-2023 11:48:46</timestamp>
<incidentId>0301012420230918114846</incidentId>
<message>select CoursCrsId,CoursType,CoursBulletin,CoursFromAct,CouursToAct,CoursSupervisorInt,CoursSupervisorExt,CoursYear,CoursArea,CoursSection,CoursGenRept,CoursAreaRept,CoursLocation,CoursStatus from Courses where CoursId=? - Unknown column 'CouursToAct' in 'field list'</message>
</incident>
<incident>
<timestamp>19-09-2023 08:38:07</timestamp>
<incidentId>0301012420230919083807</incidentId>
<message>select CoursCrsId,CoursType,CoursBulletin,CoursFromAct,CouursToAct,CoursSupervisorInt,CoursSupervisorExt,CoursYear,CoursArea,CoursSection,CoursGenRept,CoursAreaRept,CoursLocation,CoursStatus from Courses where CoursId=? - Unknown column 'CouursToAct' in 'field list'</message>
</incident>
<incident>
<timestamp>21-09-2023 11:14:28</timestamp>
<incidentId>0301012420230921111428</incidentId>
<message>select CoursCrsId,CoursType,CoursBulletin,CoursFromAct,CouursToAct,CoursSupervisorInt,CoursSupervisorExt,CoursYear,CoursArea,CoursSection,CoursGenRept,CoursAreaRept,CoursLocation,CoursStatus from Courses where CoursId=? - Unknown column 'CouursToAct' in 'field list'</message>
</incident>
<incident>
<timestamp>26-09-2023 11:29:16</timestamp>
<incidentId>0301012420230926112916</incidentId>
<message>select CoursCrsId,CoursType,CoursBulletin,CoursFromAct,CouursToAct,CoursSupervisorInt,CoursSupervisorExt,CoursYear,CoursArea,CoursSection,CoursGenRept,CoursAreaRept,CoursLocation,CoursStatus from Courses where CoursId=? - Unknown column 'CouursToAct' in 'field list'</message>
</incident>
<incident>
<timestamp>26-09-2023 11:29:25</timestamp>
<incidentId>0301012420230926112925</incidentId>
<message>select CoursCrsId,CoursType,CoursBulletin,CoursFromAct,CouursToAct,CoursSupervisorInt,CoursSupervisorExt,CoursYear,CoursArea,CoursSection,CoursGenRept,CoursAreaRept,CoursLocation,CoursStatus from Courses where CoursId=? - Unknown column 'CouursToAct' in 'field list'</message>
</incident>
<incident>
<timestamp>26-09-2023 11:46:32</timestamp>
<incidentId>0301012420230926114632</incidentId>
<message>select CoursCrsId,CoursType,CoursBulletin,CoursFromAct,CouursToAct,CoursSupervisorInt,CoursSupervisorExt,CoursYear,CoursArea,CoursSection,CoursGenRept,CoursAreaRept,CoursLocation,CoursStatus from Courses where CoursId=? - Unknown column 'CouursToAct' in 'field list'</message>
</incident>
<incident>
<timestamp>26-09-2023 11:46:48</timestamp>
<incidentId>0301012420230926114648</incidentId>
<message>select CoursCrsId,CoursType,CoursBulletin,CoursFromAct,CouursToAct,CoursSupervisorInt,CoursSupervisorExt,CoursYear,CoursArea,CoursSection,CoursGenRept,CoursAreaRept,CoursLocation,CoursStatus from Courses where CoursId=? - Unknown column 'CouursToAct' in 'field list'</message>
</incident>
<incident>
<timestamp>26-09-2023 11:47:11</timestamp>
<incidentId>030101120230926114711</incidentId>
<message>select CoursCrsId,CoursType,CoursBulletin,CoursFromAct,CouursToAct,CoursSupervisorInt,CoursSupervisorExt,CoursYear,CoursArea,CoursSection,CoursGenRept,CoursAreaRept,CoursLocation,CoursStatus from Courses where CoursId=? - Unknown column 'CouursToAct' in 'field list'</message>
</incident>
<incident>
<timestamp>26-09-2023 12:51:26</timestamp>
<incidentId>0301012420230926125126</incidentId>
<message>select CoursCrsId,CoursType,CoursBulletin,CoursFromAct,CouursToAct,CoursSupervisorInt,CoursSupervisorExt,CoursYear,CoursArea,CoursSection,CoursGenRept,CoursAreaRept,CoursLocation,CoursStatus from Courses where CoursId=? - Unknown column 'CouursToAct' in 'field list'</message>
</incident>
<incident>
<timestamp>27-09-2023 12:56:13</timestamp>
<incidentId>0301012420230927125613</incidentId>
<message>select CoursCrsId,CoursType,CoursBulletin,CoursFromAct,CouursToAct,CoursSupervisorInt,CoursSupervisorExt,CoursYear,CoursArea,CoursSection,CoursGenRept,CoursAreaRept,CoursLocation,CoursStatus from Courses where CoursId=? - Unknown column 'CouursToAct' in 'field list'</message>
</incident>
<incident>
<timestamp>27-09-2023 13:10:54</timestamp>
<incidentId>0301012420230927131054</incidentId>
<message>select CoursCrsId,CoursType,CoursBulletin,CoursFromAct,CouursToAct,CoursSupervisorInt,CoursSupervisorExt,CoursYear,CoursArea,CoursSection,CoursGenRept,CoursAreaRept,CoursLocation,CoursStatus from Courses where CoursId=? - Unknown column 'CouursToAct' in 'field list'</message>
</incident>
<incident>
<timestamp>27-09-2023 13:48:52</timestamp>
<incidentId>0301012420230927134852</incidentId>
<message>select CoursCrsId,CoursType,CoursBulletin,CoursFromAct,CouursToAct,CoursSupervisorInt,CoursSupervisorExt,CoursYear,CoursArea,CoursSection,CoursGenRept,CoursAreaRept,CoursLocation,CoursStatus from Courses where CoursId=? - Unknown column 'CouursToAct' in 'field list'</message>
</incident>
<incident>
<timestamp>27-09-2023 13:50:27</timestamp>
<incidentId>0301012420230927135027</incidentId>
<message>select CoursCrsId,CoursType,CoursBulletin,CoursFromAct,CouursToAct,CoursSupervisorInt,CoursSupervisorExt,CoursYear,CoursArea,CoursSection,CoursGenRept,CoursAreaRept,CoursLocation,CoursStatus from Courses where CoursId=? - Unknown column 'CouursToAct' in 'field list'</message>
</incident>
<incident>
<timestamp>27-09-2023 14:17:52</timestamp>
<incidentId>0301012420230927141752</incidentId>
<message>select CoursCrsId,CoursType,CoursBulletin,CoursFromAct,CouursToAct,CoursSupervisorInt,CoursSupervisorExt,CoursYear,CoursArea,CoursSection,CoursGenRept,CoursAreaRept,CoursLocation,CoursStatus from Courses where CoursId=? - Unknown column 'CouursToAct' in 'field list'</message>
</incident>
<incident>
<timestamp>02-10-2023 11:30:47</timestamp>
<incidentId>0301012420231002113047</incidentId>
<message>select CoursCrsId,CoursType,CoursBulletin,CoursFromAct,CouursToAct,CoursSupervisorInt,CoursSupervisorExt,CoursYear,CoursArea,CoursSection,CoursGenRept,CoursAreaRept,CoursLocation,CoursStatus from Courses where CoursId=? - Unknown column 'CouursToAct' in 'field list'</message>
</incident>
<incident>
<timestamp>02-10-2023 12:28:32</timestamp>
<incidentId>0301012420231002122832</incidentId>
<message>select CoursCrsId,CoursType,CoursBulletin,CoursFromAct,CouursToAct,CoursSupervisorInt,CoursSupervisorExt,CoursYear,CoursArea,CoursSection,CoursGenRept,CoursAreaRept,CoursLocation,CoursStatus from Courses where CoursId=? - Unknown column 'CouursToAct' in 'field list'</message>
</incident>
<incident>
<timestamp>03-10-2023 12:02:11</timestamp>
<incidentId>0301012420231003120211</incidentId>
<message>select CoursCrsId,CoursType,CoursBulletin,CoursFromAct,CouursToAct,CoursSupervisorInt,CoursSupervisorExt,CoursYear,CoursArea,CoursSection,CoursGenRept,CoursAreaRept,CoursLocation,CoursStatus from Courses where CoursId=? - Unknown column 'CouursToAct' in 'field list'</message>
</incident>
<incident>
<timestamp>03-10-2023 12:14:50</timestamp>
<incidentId>0301012420231003121450</incidentId>
<message>select CoursCrsId,CoursType,CoursBulletin,CoursFromAct,CouursToAct,CoursSupervisorInt,CoursSupervisorExt,CoursYear,CoursArea,CoursSection,CoursGenRept,CoursAreaRept,CoursLocation,CoursStatus from Courses where CoursId=? - Unknown column 'CouursToAct' in 'field list'</message>
</incident>
<incident>
<timestamp>03-10-2023 12:15:26</timestamp>
<incidentId>0301012420231003121526</incidentId>
<message>select CoursCrsId,CoursType,CoursBulletin,CoursFromAct,CouursToAct,CoursSupervisorInt,CoursSupervisorExt,CoursYear,CoursArea,CoursSection,CoursGenRept,CoursAreaRept,CoursLocation,CoursStatus from Courses where CoursId=? - Unknown column 'CouursToAct' in 'field list'</message>
</incident>
<incident>
<timestamp>03-10-2023 12:34:07</timestamp>
<incidentId>0301012420231003123407</incidentId>
<message>select CoursCrsId,CoursType,CoursBulletin,CoursFromAct,CouursToAct,CoursSupervisorInt,CoursSupervisorExt,CoursYear,CoursArea,CoursSection,CoursGenRept,CoursAreaRept,CoursLocation,CoursStatus from Courses where CoursId=? - Unknown column 'CouursToAct' in 'field list'</message>
</incident>
<incident>
<timestamp>12-10-2023 12:41:43</timestamp>
<incidentId>0301012420231012124143</incidentId>
<message>select CoursCrsId,CoursType,CoursBulletin,CoursFromAct,CouursToAct,CoursSupervisorInt,CoursSupervisorExt,CoursYear,CoursArea,CoursSection,CoursGenRept,CoursAreaRept,CoursLocation,CoursStatus from Courses where CoursId=? - Unknown column 'CouursToAct' in 'field list'</message>
</incident>
<incident>
<timestamp>21-11-2023 09:58:52</timestamp>
<incidentId>0101031520231121095852</incidentId>
<message>INSERT INTO Courses(CoursCrsId,CoursType,CoursBulletin,CoursFromPln,CouursToPln,CoursYear,CoursArea,CoursSection,CoursLocation,CoursStatus,CoursDevidable) VALUES (?,?,?,?,?,?,?,?,?,?,?); - Cannot add or update a child row: a foreign key constraint fails (`pti`.`Courses`, CONSTRAINT `Courses_ibfk_2` FOREIGN KEY (`CoursSupervisorInt`) REFERENCES `staff` (`staffid`) ON DELETE CASCADE ON UPDATE CASCADE)</message>
</incident>
<incident>
<timestamp>21-11-2023 10:01:03</timestamp>
<incidentId>0101031520231121100103</incidentId>
<message>INSERT INTO Courses(CoursCrsId,CoursType,CoursBulletin,CoursFromPln,CouursToPln,CoursYear,CoursArea,CoursSection,CoursLocation,CoursStatus,CoursDevidable) VALUES (?,?,?,?,?,?,?,?,?,?,?); - Cannot add or update a child row: a foreign key constraint fails (`pti`.`Courses`, CONSTRAINT `Courses_ibfk_2` FOREIGN KEY (`CoursSupervisorInt`) REFERENCES `staff` (`staffid`) ON DELETE CASCADE ON UPDATE CASCADE)</message>
</incident>
<incident>
<timestamp>21-11-2023 10:52:24</timestamp>
<incidentId>0501012120231121105224</incidentId>
<message>INSERT INTO conCourses(concrsId,concrsCmp,concrsCost,concrsCurrency,concrsTrnCount,concrsTrnCerts) VALUES (?,?,?,?,?,?) - Table 'pti.conCourses' doesn't exist</message>
</incident>
<incident>
<timestamp>21-11-2023 10:52:27</timestamp>
<incidentId>0501012120231121105227</incidentId>
<message>INSERT INTO conCourses(concrsId,concrsCmp,concrsCost,concrsCurrency,concrsTrnCount,concrsTrnCerts) VALUES (?,?,?,?,?,?) - Table 'pti.conCourses' doesn't exist</message>
</incident>
<incident>
<timestamp>21-11-2023 10:52:40</timestamp>
<incidentId>0501012120231121105240</incidentId>
<message>INSERT INTO conCourses(concrsId,concrsCmp,concrsCost,concrsCurrency,concrsTrnCount,concrsTrnCerts) VALUES (?,?,?,?,?,?) - Table 'pti.conCourses' doesn't exist</message>
</incident>
<incident>
<timestamp>21-11-2023 10:52:41</timestamp>
<incidentId>0501012120231121105241</incidentId>
<message>INSERT INTO conCourses(concrsId,concrsCmp,concrsCost,concrsCurrency,concrsTrnCount,concrsTrnCerts) VALUES (?,?,?,?,?,?) - Table 'pti.conCourses' doesn't exist</message>
</incident>
<incident>
<timestamp>21-11-2023 10:52:41</timestamp>
<incidentId>0501012120231121105241</incidentId>
<message>INSERT INTO conCourses(concrsId,concrsCmp,concrsCost,concrsCurrency,concrsTrnCount,concrsTrnCerts) VALUES (?,?,?,?,?,?) - Table 'pti.conCourses' doesn't exist</message>
</incident>
<incident>
<timestamp>21-11-2023 10:52:41</timestamp>
<incidentId>0501012120231121105241</incidentId>
<message>INSERT INTO conCourses(concrsId,concrsCmp,concrsCost,concrsCurrency,concrsTrnCount,concrsTrnCerts) VALUES (?,?,?,?,?,?) - Table 'pti.conCourses' doesn't exist</message>
</incident>
<incident>
<timestamp>21-11-2023 10:52:42</timestamp>
<incidentId>0501012120231121105242</incidentId>
<message>INSERT INTO conCourses(concrsId,concrsCmp,concrsCost,concrsCurrency,concrsTrnCount,concrsTrnCerts) VALUES (?,?,?,?,?,?) - Table 'pti.conCourses' doesn't exist</message>
</incident>
<incident>
<timestamp>21-11-2023 10:53:02</timestamp>
<incidentId>0501012120231121105302</incidentId>
<message>INSERT INTO conCourses(concrsId,concrsCmp,concrsCost,concrsCurrency,concrsTrnCount,concrsTrnCerts) VALUES (?,?,?,?,?,?) - Table 'pti.conCourses' doesn't exist</message>
</incident>
<incident>
<timestamp>21-11-2023 10:53:05</timestamp>
<incidentId>0501012120231121105305</incidentId>
<message>INSERT INTO conCourses(concrsId,concrsCmp,concrsCost,concrsCurrency,concrsTrnCount,concrsTrnCerts) VALUES (?,?,?,?,?,?) - Table 'pti.conCourses' doesn't exist</message>
</incident>
<incident>
<timestamp>03-01-2024 12:24:01</timestamp>
<incidentId>0301052520240103122401</incidentId>
<message>select CoursCrsId,CoursType,CoursBulletin,CoursFromPln,CouursToPln,CoursFromAct,CoursToAct,CoursSupervisorInt,CoursSupervisorExt,CoursYear,CoursArea,CoursSection,CoursGenRept,CoursAreaRept,CoursLocation,CoursStatus from Courses where CoursId=? - </message>
</incident>
<incident>
<timestamp>03-01-2024 12:26:02</timestamp>
<incidentId>0301052520240103122602</incidentId>
<message>select CoursCrsId,CoursType,CoursBulletin,CoursFromPln,CouursToPln,CoursFromAct,CoursToAct,CoursSupervisorInt,CoursSupervisorExt,CoursYear,CoursArea,CoursSection,CoursGenRept,CoursAreaRept,CoursLocation,CoursStatus from Courses where CoursId=? - </message>
</incident>
<incident>
<timestamp>14-01-2024 11:57:43</timestamp>
<incidentId>0301053720240114115743</incidentId>
<message>select CoursCrsId,CoursType,CoursBulletin,CoursFromPln,CouursToPln,CoursFromAct,CoursToAct,CoursSupervisorInt,CoursSupervisorExt,CoursYear,CoursArea,CoursSection,CoursGenRept,CoursAreaRept,CoursLocation,CoursStatus from Courses where CoursId=? - </message>
</incident>
<incident>
<timestamp>14-01-2024 13:51:58</timestamp>
<incidentId>0301052520240114135158</incidentId>
<message>select CoursCrsId,CoursType,CoursBulletin,CoursFromPln,CouursToPln,CoursFromAct,CoursToAct,CoursSupervisorInt,CoursSupervisorExt,CoursYear,CoursArea,CoursSection,CoursGenRept,CoursAreaRept,CoursLocation,CoursStatus from Courses where CoursId=? - </message>
</incident>
<incident>
<timestamp>14-01-2024 14:00:13</timestamp>
<incidentId>0301052520240114140013</incidentId>
<message>select CoursCrsId,CoursType,CoursBulletin,CoursFromPln,CouursToPln,CoursFromAct,CoursToAct,CoursSupervisorInt,CoursSupervisorExt,CoursYear,CoursArea,CoursSection,CoursGenRept,CoursAreaRept,CoursLocation,CoursStatus from Courses where CoursId=? - </message>
</incident>
<incident>
<timestamp>14-01-2024 14:02:35</timestamp>
<incidentId>0301052520240114140235</incidentId>
<message>select CoursCrsId,CoursType,CoursBulletin,CoursFromPln,CouursToPln,CoursFromAct,CoursToAct,CoursSupervisorInt,CoursSupervisorExt,CoursYear,CoursArea,CoursSection,CoursGenRept,CoursAreaRept,CoursLocation,CoursStatus from Courses where CoursId=? - </message>
</incident>
<incident>
<timestamp>14-01-2024 14:04:54</timestamp>
<incidentId>0301052520240114140454</incidentId>
<message>select CoursCrsId,CoursType,CoursBulletin,CoursFromPln,CouursToPln,CoursFromAct,CoursToAct,CoursSupervisorInt,CoursSupervisorExt,CoursYear,CoursArea,CoursSection,CoursGenRept,CoursAreaRept,CoursLocation,CoursStatus from Courses where CoursId=? - </message>
</incident>
<incident>
<timestamp>14-01-2024 14:05:57</timestamp>
<incidentId>0301052520240114140557</incidentId>
<message>select CoursCrsId,CoursType,CoursBulletin,CoursFromPln,CouursToPln,CoursFromAct,CoursToAct,CoursSupervisorInt,CoursSupervisorExt,CoursYear,CoursArea,CoursSection,CoursGenRept,CoursAreaRept,CoursLocation,CoursStatus from Courses where CoursId=? - </message>
</incident>
<incident>
<timestamp>14-01-2024 14:11:11</timestamp>
<incidentId>0301052520240114141111</incidentId>
<message>select CoursCrsId,CoursType,CoursBulletin,CoursFromPln,CouursToPln,CoursFromAct,CoursToAct,CoursSupervisorInt,CoursSupervisorExt,CoursYear,CoursArea,CoursSection,CoursGenRept,CoursAreaRept,CoursLocation,CoursStatus from Courses where CoursId=? - </message>
</incident>
<incident>
<timestamp>14-01-2024 14:12:05</timestamp>
<incidentId>0301052520240114141205</incidentId>
<message>select CoursCrsId,CoursType,CoursBulletin,CoursFromPln,CouursToPln,CoursFromAct,CoursToAct,CoursSupervisorInt,CoursSupervisorExt,CoursYear,CoursArea,CoursSection,CoursGenRept,CoursAreaRept,CoursLocation,CoursStatus from Courses where CoursId=? - </message>
</incident>
<incident>
<timestamp>14-01-2024 14:16:05</timestamp>
<incidentId>0301052520240114141605</incidentId>
<message>select CoursCrsId,CoursType,CoursBulletin,CoursFromPln,CouursToPln,CoursFromAct,CoursToAct,CoursSupervisorInt,CoursSupervisorExt,CoursYear,CoursArea,CoursSection,CoursGenRept,CoursAreaRept,CoursLocation,CoursStatus from Courses where CoursId=? - </message>
</incident>
<incident>
<timestamp>14-01-2024 14:17:37</timestamp>
<incidentId>0301052520240114141737</incidentId>
<message>select CoursCrsId,CoursType,CoursBulletin,CoursFromPln,CouursToPln,CoursFromAct,CoursToAct,CoursSupervisorInt,CoursSupervisorExt,CoursYear,CoursArea,CoursSection,CoursGenRept,CoursAreaRept,CoursLocation,CoursStatus from Courses where CoursId=? - </message>
</incident>
<incident>
<timestamp>14-01-2024 14:19:39</timestamp>
<incidentId>0301052520240114141939</incidentId>
<message>select CoursCrsId,CoursType,CoursBulletin,CoursFromPln,CouursToPln,CoursFromAct,CoursToAct,CoursSupervisorInt,CoursSupervisorExt,CoursYear,CoursArea,CoursSection,CoursGenRept,CoursAreaRept,CoursLocation,CoursStatus from Courses where CoursId=? - </message>
</incident>
<incident>
<timestamp>14-01-2024 14:21:19</timestamp>
<incidentId>0301052520240114142119</incidentId>
<message>select CoursCrsId,CoursType,CoursBulletin,CoursFromPln,CouursToPln,CoursFromAct,CoursToAct,CoursSupervisorInt,CoursSupervisorExt,CoursYear,CoursArea,CoursSection,CoursGenRept,CoursAreaRept,CoursLocation,CoursStatus from Courses where CoursId=? - </message>
</incident>
<incident>
<timestamp>14-01-2024 14:23:10</timestamp>
<incidentId>0301052520240114142310</incidentId>
<message>select CoursCrsId,CoursType,CoursBulletin,CoursFromPln,CouursToPln,CoursFromAct,CoursToAct,CoursSupervisorInt,CoursSupervisorExt,CoursYear,CoursArea,CoursSection,CoursGenRept,CoursAreaRept,CoursLocation,CoursStatus from Courses where CoursId=? - </message>
</incident>
<incident>
<timestamp>16-01-2024 10:32:41</timestamp>
<incidentId>0301052520240116103241</incidentId>
<message>select CoursCrsId,CoursType,CoursBulletin,CoursFromPln,CouursToPln,CoursFromAct,CoursToAct,CoursSupervisorInt,CoursSupervisorExt,CoursYear,CoursArea,CoursSection,CoursGenRept,CoursAreaRept,CoursLocation,CoursStatus from Courses where CoursId=? - </message>
</incident>
<incident>
<timestamp>16-01-2024 10:34:31</timestamp>
<incidentId>0301052520240116103431</incidentId>
<message>select CoursCrsId,CoursType,CoursBulletin,CoursFromPln,CouursToPln,CoursFromAct,CoursToAct,CoursSupervisorInt,CoursSupervisorExt,CoursYear,CoursArea,CoursSection,CoursGenRept,CoursAreaRept,CoursLocation,CoursStatus from Courses where CoursId=? - </message>
</incident>
<incident>
<timestamp>17-01-2024 11:30:13</timestamp>
<incidentId>030105320240117113013</incidentId>
<message>select CoursCrsId,CoursType,CoursBulletin,CoursFromPln,CouursToPln,CoursFromAct,CoursToAct,CoursSupervisorInt,CoursSupervisorExt,CoursYear,CoursArea,CoursSection,CoursGenRept,CoursAreaRept,CoursLocation,CoursStatus from Courses where CoursId=? - </message>
</incident>
<incident>
<timestamp>17-01-2024 11:30:30</timestamp>
<incidentId>030105320240117113030</incidentId>
<message>select CoursCrsId,CoursType,CoursBulletin,CoursFromPln,CouursToPln,CoursFromAct,CoursToAct,CoursSupervisorInt,CoursSupervisorExt,CoursYear,CoursArea,CoursSection,CoursGenRept,CoursAreaRept,CoursLocation,CoursStatus from Courses where CoursId=? - </message>
</incident>
<incident>
<timestamp>17-01-2024 11:30:45</timestamp>
<incidentId>030105320240117113045</incidentId>
<message>select CoursCrsId,CoursType,CoursBulletin,CoursFromPln,CouursToPln,CoursFromAct,CoursToAct,CoursSupervisorInt,CoursSupervisorExt,CoursYear,CoursArea,CoursSection,CoursGenRept,CoursAreaRept,CoursLocation,CoursStatus from Courses where CoursId=? - </message>
</incident>
<incident>
<timestamp>17-01-2024 11:31:42</timestamp>
<incidentId>030105320240117113142</incidentId>
<message>select CoursCrsId,CoursType,CoursBulletin,CoursFromPln,CouursToPln,CoursFromAct,CoursToAct,CoursSupervisorInt,CoursSupervisorExt,CoursYear,CoursArea,CoursSection,CoursGenRept,CoursAreaRept,CoursLocation,CoursStatus from Courses where CoursId=? - </message>
</incident>
<incident>
<timestamp>17-01-2024 11:33:09</timestamp>
<incidentId>030105320240117113309</incidentId>
<message>select CoursCrsId,CoursType,CoursBulletin,CoursFromPln,CouursToPln,CoursFromAct,CoursToAct,CoursSupervisorInt,CoursSupervisorExt,CoursYear,CoursArea,CoursSection,CoursGenRept,CoursAreaRept,CoursLocation,CoursStatus from Courses where CoursId=? - </message>
</incident>
<incident>
<timestamp>17-01-2024 11:33:17</timestamp>
<incidentId>030105320240117113317</incidentId>
<message>select CoursCrsId,CoursType,CoursBulletin,CoursFromPln,CouursToPln,CoursFromAct,CoursToAct,CoursSupervisorInt,CoursSupervisorExt,CoursYear,CoursArea,CoursSection,CoursGenRept,CoursAreaRept,CoursLocation,CoursStatus from Courses where CoursId=? - </message>
</incident>
<incident>
<timestamp>17-01-2024 11:37:56</timestamp>
<incidentId>030105320240117113756</incidentId>
<message>select CoursCrsId,CoursType,CoursBulletin,CoursFromPln,CouursToPln,CoursFromAct,CoursToAct,CoursSupervisorInt,CoursSupervisorExt,CoursYear,CoursArea,CoursSection,CoursGenRept,CoursAreaRept,CoursLocation,CoursStatus from Courses where CoursId=? - </message>
</incident>
<incident>
<timestamp>17-01-2024 11:38:02</timestamp>
<incidentId>030105320240117113802</incidentId>
<message>select CoursCrsId,CoursType,CoursBulletin,CoursFromPln,CouursToPln,CoursFromAct,CoursToAct,CoursSupervisorInt,CoursSupervisorExt,CoursYear,CoursArea,CoursSection,CoursGenRept,CoursAreaRept,CoursLocation,CoursStatus from Courses where CoursId=? - </message>
</incident>
<incident>
<timestamp>17-01-2024 11:38:47</timestamp>
<incidentId>030105320240117113847</incidentId>
<message>select CoursCrsId,CoursType,CoursBulletin,CoursFromPln,CouursToPln,CoursFromAct,CoursToAct,CoursSupervisorInt,CoursSupervisorExt,CoursYear,CoursArea,CoursSection,CoursGenRept,CoursAreaRept,CoursLocation,CoursStatus from Courses where CoursId=? - </message>
</incident>
<incident>
<timestamp>17-01-2024 11:50:51</timestamp>
<incidentId>030105320240117115051</incidentId>
<message>select CoursCrsId,CoursType,CoursBulletin,CoursFromPln,CouursToPln,CoursFromAct,CoursToAct,CoursSupervisorInt,CoursSupervisorExt,CoursYear,CoursArea,CoursSection,CoursGenRept,CoursAreaRept,CoursLocation,CoursStatus from Courses where CoursId=? - </message>
</incident>
<incident>
<timestamp>17-01-2024 11:50:54</timestamp>
<incidentId>030105120240117115054</incidentId>
<message>select CoursCrsId,CoursType,CoursBulletin,CoursFromPln,CouursToPln,CoursFromAct,CoursToAct,CoursSupervisorInt,CoursSupervisorExt,CoursYear,CoursArea,CoursSection,CoursGenRept,CoursAreaRept,CoursLocation,CoursStatus from Courses where CoursId=? - </message>
</incident>
<incident>
<timestamp>18-01-2024 12:12:50</timestamp>
<incidentId>0301053420240118121250</incidentId>
<message>select CoursCrsId,CoursType,CoursBulletin,CoursFromPln,CouursToPln,CoursFromAct,CoursToAct,CoursSupervisorInt,CoursSupervisorExt,CoursYear,CoursArea,CoursSection,CoursGenRept,CoursAreaRept,CoursLocation,CoursStatus from Courses where CoursId=? - </message>
</incident>
<incident>
<timestamp>18-01-2024 12:13:27</timestamp>
<incidentId>0301053420240118121327</incidentId>
<message>select CoursCrsId,CoursType,CoursBulletin,CoursFromPln,CouursToPln,CoursFromAct,CoursToAct,CoursSupervisorInt,CoursSupervisorExt,CoursYear,CoursArea,CoursSection,CoursGenRept,CoursAreaRept,CoursLocation,CoursStatus from Courses where CoursId=? - </message>
</incident>
<incident>
<timestamp>18-01-2024 12:13:41</timestamp>
<incidentId>0301053420240118121341</incidentId>
<message>select CoursCrsId,CoursType,CoursBulletin,CoursFromPln,CouursToPln,CoursFromAct,CoursToAct,CoursSupervisorInt,CoursSupervisorExt,CoursYear,CoursArea,CoursSection,CoursGenRept,CoursAreaRept,CoursLocation,CoursStatus from Courses where CoursId=? - </message>
</incident>
<incident>
<timestamp>18-01-2024 12:22:34</timestamp>
<incidentId>0301053420240118122234</incidentId>
<message>select CoursCrsId,CoursType,CoursBulletin,CoursFromPln,CouursToPln,CoursFromAct,CoursToAct,CoursSupervisorInt,CoursSupervisorExt,CoursYear,CoursArea,CoursSection,CoursGenRept,CoursAreaRept,CoursLocation,CoursStatus from Courses where CoursId=? - </message>
</incident>
<incident>
<timestamp>23-01-2024 10:28:24</timestamp>
<incidentId>0301053620240123102824</incidentId>
<message>select CoursCrsId,CoursType,CoursBulletin,CoursFromPln,CouursToPln,CoursFromAct,CoursToAct,CoursSupervisorInt,CoursSupervisorExt,CoursYear,CoursArea,CoursSection,CoursGenRept,CoursAreaRept,CoursLocation,CoursStatus from Courses where CoursId=? - </message>
</incident>
<incident>
<timestamp>23-01-2024 12:12:49</timestamp>
<incidentId>0301053620240123121249</incidentId>
<message>select CoursCrsId,CoursType,CoursBulletin,CoursFromPln,CouursToPln,CoursFromAct,CoursToAct,CoursSupervisorInt,CoursSupervisorExt,CoursYear,CoursArea,CoursSection,CoursGenRept,CoursAreaRept,CoursLocation,CoursStatus from Courses where CoursId=? - </message>
</incident>
<incident>
<timestamp>24-01-2024 11:05:52</timestamp>
<incidentId>0301053620240124110552</incidentId>
<message>select CoursCrsId,CoursType,CoursBulletin,CoursFromPln,CouursToPln,CoursFromAct,CoursToAct,CoursSupervisorInt,CoursSupervisorExt,CoursYear,CoursArea,CoursSection,CoursGenRept,CoursAreaRept,CoursLocation,CoursStatus from Courses where CoursId=? - </message>
</incident>
<incident>
<timestamp>06-02-2024 14:03:06</timestamp>
<incidentId>030105320240206140306</incidentId>
<message>select CoursCrsId,CoursType,CoursBulletin,CoursFromPln,CouursToPln,CoursFromAct,CoursToAct,CoursSupervisorInt,CoursSupervisorExt,CoursYear,CoursArea,CoursSection,CoursGenRept,CoursAreaRept,CoursLocation,CoursStatus from Courses where CoursId=? - </message>
</incident>
<incident>
<timestamp>06-02-2024 14:03:27</timestamp>
<incidentId>030105320240206140327</incidentId>
<message>select CoursCrsId,CoursType,CoursBulletin,CoursFromPln,CouursToPln,CoursFromAct,CoursToAct,CoursSupervisorInt,CoursSupervisorExt,CoursYear,CoursArea,CoursSection,CoursGenRept,CoursAreaRept,CoursLocation,CoursStatus from Courses where CoursId=? - </message>
</incident>
<incident>
<timestamp>12-02-2024 10:55:32</timestamp>
<incidentId>0301053720240212105532</incidentId>
<message>select CoursCrsId,CoursType,CoursBulletin,CoursFromPln,CouursToPln,CoursFromAct,CoursToAct,CoursSupervisorInt,CoursSupervisorExt,CoursYear,CoursArea,CoursSection,CoursGenRept,CoursAreaRept,CoursLocation,CoursStatus from Courses where CoursId=? - </message>
</incident>
<incident>
<timestamp>25-02-2024 11:15:15</timestamp>
<incidentId>0501032420240225111515</incidentId>
<message>INSERT INTO coursetrainees (crstrntrainee,crstrncourse) VALUES (?,?) - Cannot add or update a child row: a foreign key constraint fails (`pti`.`coursetrainees`, CONSTRAINT `coursetrainees_ibfk_1` FOREIGN KEY (`crstrncompany`) REFERENCES `companies` (`cmpId`))</message>
</incident>
<incident>
<timestamp>25-02-2024 11:15:15</timestamp>
<incidentId>0501032420240225111515</incidentId>
<message>INSERT INTO coursetrainees (crstrntrainee,crstrncourse) VALUES (?,?) - Cannot add or update a child row: a foreign key constraint fails (`pti`.`coursetrainees`, CONSTRAINT `coursetrainees_ibfk_1` FOREIGN KEY (`crstrncompany`) REFERENCES `companies` (`cmpId`))</message>
</incident>
<incident>
<timestamp>25-02-2024 11:15:56</timestamp>
<incidentId>0501032420240225111556</incidentId>
<message>INSERT INTO coursetrainees (crstrntrainee,crstrncourse) VALUES (?,?) - Cannot add or update a child row: a foreign key constraint fails (`pti`.`coursetrainees`, CONSTRAINT `coursetrainees_ibfk_1` FOREIGN KEY (`crstrncompany`) REFERENCES `companies` (`cmpId`))</message>
</incident>
<incident>
<timestamp>25-02-2024 11:16:31</timestamp>
<incidentId>0501032420240225111631</incidentId>
<message>INSERT INTO coursetrainees (crstrntrainee,crstrncourse) VALUES (?,?) - Cannot add or update a child row: a foreign key constraint fails (`pti`.`coursetrainees`, CONSTRAINT `coursetrainees_ibfk_1` FOREIGN KEY (`crstrncompany`) REFERENCES `companies` (`cmpId`))</message>
</incident>
<incident>
<timestamp>26-02-2024 10:05:16</timestamp>
<incidentId>0501032420240226100516</incidentId>
<message>INSERT INTO coursetrainees (crstrntrainee,crstrncourse) VALUES (?,?) - Cannot add or update a child row: a foreign key constraint fails (`pti`.`coursetrainees`, CONSTRAINT `coursetrainees_ibfk_1` FOREIGN KEY (`crstrncompany`) REFERENCES `companies` (`cmpId`))</message>
</incident>
<incident>
<timestamp>26-02-2024 12:46:09</timestamp>
<incidentId>0301053620240226124609</incidentId>
<message>select CoursCrsId,CoursType,CoursBulletin,CoursFromPln,CouursToPln,CoursFromAct,CoursToAct,CoursSupervisorInt,CoursSupervisorExt,CoursYear,CoursArea,CoursSection,CoursGenRept,CoursAreaRept,CoursLocation,CoursStatus from Courses where CoursId=? - </message>
</incident>
<incident>
<timestamp>27-02-2024 08:21:02</timestamp>
<incidentId>0501032420240227082102</incidentId>
<message>INSERT INTO coursetrainees (crstrntrainee,crstrncourse) VALUES (?,?) - Cannot add or update a child row: a foreign key constraint fails (`pti`.`coursetrainees`, CONSTRAINT `coursetrainees_ibfk_1` FOREIGN KEY (`crstrncompany`) REFERENCES `companies` (`cmpId`))</message>
</incident>
<incident>
<timestamp>27-02-2024 11:30:05</timestamp>
<incidentId>0301053720240227113005</incidentId>
<message>select CoursCrsId,CoursType,CoursBulletin,CoursFromPln,CouursToPln,CoursFromAct,CoursToAct,CoursSupervisorInt,CoursSupervisorExt,CoursYear,CoursArea,CoursSection,CoursGenRept,CoursAreaRept,CoursLocation,CoursStatus from Courses where CoursId=? - </message>
</incident>
<incident>
<timestamp>27-02-2024 12:31:58</timestamp>
<incidentId>0501032420240227123158</incidentId>
<message>INSERT INTO coursetrainees (crstrntrainee,crstrncourse) VALUES (?,?) - Cannot add or update a child row: a foreign key constraint fails (`pti`.`coursetrainees`, CONSTRAINT `coursetrainees_ibfk_1` FOREIGN KEY (`crstrncompany`) REFERENCES `companies` (`cmpId`))</message>
</incident>
<incident>
<timestamp>27-02-2024 12:35:33</timestamp>
<incidentId>0501032420240227123533</incidentId>
<message>INSERT INTO coursetrainees (crstrntrainee,crstrncourse) VALUES (?,?) - Cannot add or update a child row: a foreign key constraint fails (`pti`.`coursetrainees`, CONSTRAINT `coursetrainees_ibfk_1` FOREIGN KEY (`crstrncompany`) REFERENCES `companies` (`cmpId`))</message>
</incident>
<incident>
<timestamp>27-02-2024 12:47:36</timestamp>
<incidentId>0501032420240227124736</incidentId>
<message>INSERT INTO coursetrainees (crstrntrainee,crstrncourse) VALUES (?,?) - Cannot add or update a child row: a foreign key constraint fails (`pti`.`coursetrainees`, CONSTRAINT `coursetrainees_ibfk_1` FOREIGN KEY (`crstrncompany`) REFERENCES `companies` (`cmpId`))</message>
</incident>
<incident>
<timestamp>27-02-2024 13:06:07</timestamp>
<incidentId>0301052520240227130607</incidentId>
<message>select CoursCrsId,CoursType,CoursBulletin,CoursFromPln,CouursToPln,CoursFromAct,CoursToAct,CoursSupervisorInt,CoursSupervisorExt,CoursYear,CoursArea,CoursSection,CoursGenRept,CoursAreaRept,CoursLocation,CoursStatus from Courses where CoursId=? - </message>
</incident>
<incident>
<timestamp>27-02-2024 13:06:46</timestamp>
<incidentId>0301052520240227130646</incidentId>
<message>select CoursCrsId,CoursType,CoursBulletin,CoursFromPln,CouursToPln,CoursFromAct,CoursToAct,CoursSupervisorInt,CoursSupervisorExt,CoursYear,CoursArea,CoursSection,CoursGenRept,CoursAreaRept,CoursLocation,CoursStatus from Courses where CoursId=? - </message>
</incident>
<incident>
<timestamp>27-02-2024 13:08:28</timestamp>
<incidentId>0301052520240227130828</incidentId>
<message>select CoursCrsId,CoursType,CoursBulletin,CoursFromPln,CouursToPln,CoursFromAct,CoursToAct,CoursSupervisorInt,CoursSupervisorExt,CoursYear,CoursArea,CoursSection,CoursGenRept,CoursAreaRept,CoursLocation,CoursStatus from Courses where CoursId=? - </message>
</incident>
<incident>
<timestamp>27-02-2024 13:34:42</timestamp>
<incidentId>0501032420240227133442</incidentId>
<message>INSERT INTO coursetrainees (crstrntrainee,crstrncourse) VALUES (?,?) - Cannot add or update a child row: a foreign key constraint fails (`pti`.`coursetrainees`, CONSTRAINT `coursetrainees_ibfk_1` FOREIGN KEY (`crstrncompany`) REFERENCES `companies` (`cmpId`))</message>
</incident>
<incident>
<timestamp>28-02-2024 09:21:06</timestamp>
<incidentId>0501032420240228092106</incidentId>
<message>INSERT INTO coursetrainees (crstrntrainee,crstrncourse) VALUES (?,?) - Cannot add or update a child row: a foreign key constraint fails (`pti`.`coursetrainees`, CONSTRAINT `coursetrainees_ibfk_1` FOREIGN KEY (`crstrncompany`) REFERENCES `companies` (`cmpId`))</message>
</incident>
<incident>
<timestamp>28-02-2024 09:36:06</timestamp>
<incidentId>0501032420240228093606</incidentId>
<message>INSERT INTO coursetrainees (crstrntrainee,crstrncourse) VALUES (?,?) - Cannot add or update a child row: a foreign key constraint fails (`pti`.`coursetrainees`, CONSTRAINT `coursetrainees_ibfk_1` FOREIGN KEY (`crstrncompany`) REFERENCES `companies` (`cmpId`))</message>
</incident>
<incident>
<timestamp>29-02-2024 09:31:06</timestamp>
<incidentId>0501032420240229093106</incidentId>
<message>INSERT INTO coursetrainees (crstrntrainee,crstrncourse) VALUES (?,?) - Cannot add or update a child row: a foreign key constraint fails (`pti`.`coursetrainees`, CONSTRAINT `coursetrainees_ibfk_1` FOREIGN KEY (`crstrncompany`) REFERENCES `companies` (`cmpId`))</message>
</incident>
<incident>
<timestamp>29-02-2024 11:46:48</timestamp>
<incidentId>0501032420240229114648</incidentId>
<message>INSERT INTO coursetrainees (crstrntrainee,crstrncourse) VALUES (?,?) - Cannot add or update a child row: a foreign key constraint fails (`pti`.`coursetrainees`, CONSTRAINT `coursetrainees_ibfk_1` FOREIGN KEY (`crstrncompany`) REFERENCES `companies` (`cmpId`))</message>
</incident>
<incident>
<timestamp>05-03-2024 10:48:23</timestamp>
<incidentId>0501032420240305104823</incidentId>
<message>INSERT INTO coursetrainees (crstrntrainee,crstrncourse) VALUES (?,?) - Cannot add or update a child row: a foreign key constraint fails (`pti`.`coursetrainees`, CONSTRAINT `coursetrainees_ibfk_1` FOREIGN KEY (`crstrncompany`) REFERENCES `companies` (`cmpId`))</message>
</incident>
<incident>
<timestamp>06-03-2024 09:44:21</timestamp>
<incidentId>0301053620240306094421</incidentId>
<message>select CoursCrsId,CoursType,CoursBulletin,CoursFromPln,CouursToPln,CoursFromAct,CoursToAct,CoursSupervisorInt,CoursSupervisorExt,CoursYear,CoursArea,CoursSection,CoursGenRept,CoursAreaRept,CoursLocation,CoursStatus from Courses where CoursId=? - </message>
</incident>
<incident>
<timestamp>06-03-2024 11:48:16</timestamp>
<incidentId>0501032420240306114816</incidentId>
<message>INSERT INTO coursetrainees (crstrntrainee,crstrncourse) VALUES (?,?) - Cannot add or update a child row: a foreign key constraint fails (`pti`.`coursetrainees`, CONSTRAINT `coursetrainees_ibfk_1` FOREIGN KEY (`crstrncompany`) REFERENCES `companies` (`cmpId`))</message>
</incident>
<incident>
<timestamp>06-03-2024 12:53:52</timestamp>
<incidentId>0501032420240306125352</incidentId>
<message>INSERT INTO coursetrainees (crstrntrainee,crstrncourse) VALUES (?,?) - Cannot add or update a child row: a foreign key constraint fails (`pti`.`coursetrainees`, CONSTRAINT `coursetrainees_ibfk_1` FOREIGN KEY (`crstrncompany`) REFERENCES `companies` (`cmpId`))</message>
</incident>
<incident>
<timestamp>07-03-2024 11:52:55</timestamp>
<incidentId>0501032420240307115255</incidentId>
<message>INSERT INTO coursetrainees (crstrntrainee,crstrncourse) VALUES (?,?) - Cannot add or update a child row: a foreign key constraint fails (`pti`.`coursetrainees`, CONSTRAINT `coursetrainees_ibfk_1` FOREIGN KEY (`crstrncompany`) REFERENCES `companies` (`cmpId`))</message>
</incident>
<incident>
<timestamp>07-03-2024 12:33:27</timestamp>
<incidentId>0501032420240307123327</incidentId>
<message>INSERT INTO coursetrainees (crstrntrainee,crstrncourse) VALUES (?,?) - Cannot add or update a child row: a foreign key constraint fails (`pti`.`coursetrainees`, CONSTRAINT `coursetrainees_ibfk_1` FOREIGN KEY (`crstrncompany`) REFERENCES `companies` (`cmpId`))</message>
</incident>
<incident>
<timestamp>07-03-2024 13:11:27</timestamp>
<incidentId>0501032420240307131127</incidentId>
<message>INSERT INTO coursetrainees (crstrntrainee,crstrncourse) VALUES (?,?) - Cannot add or update a child row: a foreign key constraint fails (`pti`.`coursetrainees`, CONSTRAINT `coursetrainees_ibfk_1` FOREIGN KEY (`crstrncompany`) REFERENCES `companies` (`cmpId`))</message>
</incident>
<incident>
<timestamp>10-03-2024 09:07:37</timestamp>
<incidentId>0501032420240310090737</incidentId>
<message>INSERT INTO coursetrainees (crstrntrainee,crstrncourse) VALUES (?,?) - Cannot add or update a child row: a foreign key constraint fails (`pti`.`coursetrainees`, CONSTRAINT `coursetrainees_ibfk_1` FOREIGN KEY (`crstrncompany`) REFERENCES `companies` (`cmpId`))</message>
</incident>
<incident>
<timestamp>10-03-2024 09:20:44</timestamp>
<incidentId>0301052520240310092044</incidentId>
<message>select CoursCrsId,CoursType,CoursBulletin,CoursFromPln,CouursToPln,CoursFromAct,CoursToAct,CoursSupervisorInt,CoursSupervisorExt,CoursYear,CoursArea,CoursSection,CoursGenRept,CoursAreaRept,CoursLocation,CoursStatus from Courses where CoursId=? - </message>
</incident>
<incident>
<timestamp>10-03-2024 09:22:10</timestamp>
<incidentId>0301052520240310092210</incidentId>
<message>select CoursCrsId,CoursType,CoursBulletin,CoursFromPln,CouursToPln,CoursFromAct,CoursToAct,CoursSupervisorInt,CoursSupervisorExt,CoursYear,CoursArea,CoursSection,CoursGenRept,CoursAreaRept,CoursLocation,CoursStatus from Courses where CoursId=? - </message>
</incident>
<incident>
<timestamp>10-03-2024 10:32:34</timestamp>
<incidentId>0501032420240310103234</incidentId>
<message>INSERT INTO coursetrainees (crstrntrainee,crstrncourse) VALUES (?,?) - Cannot add or update a child row: a foreign key constraint fails (`pti`.`coursetrainees`, CONSTRAINT `coursetrainees_ibfk_1` FOREIGN KEY (`crstrncompany`) REFERENCES `companies` (`cmpId`))</message>
</incident>
<incident>
<timestamp>18-03-2024 13:31:26</timestamp>
<incidentId>030105320240318133126</incidentId>
<message>select CoursCrsId,CoursType,CoursBulletin,CoursFromPln,CouursToPln,CoursFromAct,CoursToAct,CoursSupervisorInt,CoursSupervisorExt,CoursYear,CoursArea,CoursSection,CoursGenRept,CoursAreaRept,CoursLocation,CoursStatus from Courses where CoursId=? - </message>
</incident>
<incident>
<timestamp>18-03-2024 13:31:34</timestamp>
<incidentId>030105320240318133134</incidentId>
<message>select CoursCrsId,CoursType,CoursBulletin,CoursFromPln,CouursToPln,CoursFromAct,CoursToAct,CoursSupervisorInt,CoursSupervisorExt,CoursYear,CoursArea,CoursSection,CoursGenRept,CoursAreaRept,CoursLocation,CoursStatus from Courses where CoursId=? - </message>
</incident>
<incident>
<timestamp>01-04-2024 11:02:30</timestamp>
<incidentId>0301052520240401110230</incidentId>
<message>select CoursCrsId,CoursType,CoursBulletin,CoursFromPln,CouursToPln,CoursFromAct,CoursToAct,CoursSupervisorInt,CoursSupervisorExt,CoursYear,CoursArea,CoursSection,CoursGenRept,CoursAreaRept,CoursLocation,CoursStatus from Courses where CoursId=? - </message>
</incident>
<incident>
<timestamp>01-04-2024 11:06:12</timestamp>
<incidentId>0301052520240401110612</incidentId>
<message>select CoursCrsId,CoursType,CoursBulletin,CoursFromPln,CouursToPln,CoursFromAct,CoursToAct,CoursSupervisorInt,CoursSupervisorExt,CoursYear,CoursArea,CoursSection,CoursGenRept,CoursAreaRept,CoursLocation,CoursStatus from Courses where CoursId=? - </message>
</incident>
<incident>
<timestamp>01-04-2024 11:06:12</timestamp>
<incidentId>0301052520240401110612</incidentId>
<message>select CoursCrsId,CoursType,CoursBulletin,CoursFromPln,CouursToPln,CoursFromAct,CoursToAct,CoursSupervisorInt,CoursSupervisorExt,CoursYear,CoursArea,CoursSection,CoursGenRept,CoursAreaRept,CoursLocation,CoursStatus from Courses where CoursId=? - </message>
</incident>
<incident>
<timestamp>01-04-2024 11:08:04</timestamp>
<incidentId>0301052520240401110804</incidentId>
<message>select CoursCrsId,CoursType,CoursBulletin,CoursFromPln,CouursToPln,CoursFromAct,CoursToAct,CoursSupervisorInt,CoursSupervisorExt,CoursYear,CoursArea,CoursSection,CoursGenRept,CoursAreaRept,CoursLocation,CoursStatus from Courses where CoursId=? - </message>
</incident>
<incident>
<timestamp>01-04-2024 11:09:01</timestamp>
<incidentId>0301052520240401110901</incidentId>
<message>select CoursCrsId,CoursType,CoursBulletin,CoursFromPln,CouursToPln,CoursFromAct,CoursToAct,CoursSupervisorInt,CoursSupervisorExt,CoursYear,CoursArea,CoursSection,CoursGenRept,CoursAreaRept,CoursLocation,CoursStatus from Courses where CoursId=? - </message>
</incident>
<incident>
<timestamp>01-04-2024 11:47:03</timestamp>
<incidentId>030105320240401114703</incidentId>
<message>select CoursCrsId,CoursType,CoursBulletin,CoursFromPln,CouursToPln,CoursFromAct,CoursToAct,CoursSupervisorInt,CoursSupervisorExt,CoursYear,CoursArea,CoursSection,CoursGenRept,CoursAreaRept,CoursLocation,CoursStatus from Courses where CoursId=? - </message>
</incident>
<incident>
<timestamp>01-04-2024 11:49:07</timestamp>
<incidentId>030105320240401114907</incidentId>
<message>select CoursCrsId,CoursType,CoursBulletin,CoursFromPln,CouursToPln,CoursFromAct,CoursToAct,CoursSupervisorInt,CoursSupervisorExt,CoursYear,CoursArea,CoursSection,CoursGenRept,CoursAreaRept,CoursLocation,CoursStatus from Courses where CoursId=? - </message>
</incident>
<incident>
<timestamp>01-04-2024 11:49:28</timestamp>
<incidentId>030105320240401114928</incidentId>
<message>select CoursCrsId,CoursType,CoursBulletin,CoursFromPln,CouursToPln,CoursFromAct,CoursToAct,CoursSupervisorInt,CoursSupervisorExt,CoursYear,CoursArea,CoursSection,CoursGenRept,CoursAreaRept,CoursLocation,CoursStatus from Courses where CoursId=? - </message>
</incident>
<incident>
<timestamp>01-04-2024 11:49:32</timestamp>
<incidentId>030105320240401114932</incidentId>
<message>select CoursCrsId,CoursType,CoursBulletin,CoursFromPln,CouursToPln,CoursFromAct,CoursToAct,CoursSupervisorInt,CoursSupervisorExt,CoursYear,CoursArea,CoursSection,CoursGenRept,CoursAreaRept,CoursLocation,CoursStatus from Courses where CoursId=? - </message>
</incident>
<incident>
<timestamp>01-04-2024 12:44:23</timestamp>
<incidentId>0301052520240401124423</incidentId>
<message>select CoursCrsId,CoursType,CoursBulletin,CoursFromPln,CouursToPln,CoursFromAct,CoursToAct,CoursSupervisorInt,CoursSupervisorExt,CoursYear,CoursArea,CoursSection,CoursGenRept,CoursAreaRept,CoursLocation,CoursStatus from Courses where CoursId=? - </message>
</incident>
<incident>
<timestamp>01-04-2024 12:47:44</timestamp>
<incidentId>0301052520240401124744</incidentId>
<message>select CoursCrsId,CoursType,CoursBulletin,CoursFromPln,CouursToPln,CoursFromAct,CoursToAct,CoursSupervisorInt,CoursSupervisorExt,CoursYear,CoursArea,CoursSection,CoursGenRept,CoursAreaRept,CoursLocation,CoursStatus from Courses where CoursId=? - </message>
</incident>
<incident>
<timestamp>01-04-2024 12:49:03</timestamp>
<incidentId>030105320240401124903</incidentId>
<message>select CoursCrsId,CoursType,CoursBulletin,CoursFromPln,CouursToPln,CoursFromAct,CoursToAct,CoursSupervisorInt,CoursSupervisorExt,CoursYear,CoursArea,CoursSection,CoursGenRept,CoursAreaRept,CoursLocation,CoursStatus from Courses where CoursId=? - </message>
</incident>
<incident>
<timestamp>16-04-2024 13:54:48</timestamp>
<incidentId>0301052520240416135448</incidentId>
<message>select CoursCrsId,CoursType,CoursBulletin,CoursFromPln,CouursToPln,CoursFromAct,CoursToAct,CoursSupervisorInt,CoursSupervisorExt,CoursYear,CoursArea,CoursSection,CoursGenRept,CoursAreaRept,CoursLocation,CoursStatus from Courses where CoursId=? - </message>
</incident>
<incident>
<timestamp>16-04-2024 14:21:29</timestamp>
<incidentId>0301052520240416142129</incidentId>
<message>select CoursCrsId,CoursType,CoursBulletin,CoursFromPln,CouursToPln,CoursFromAct,CoursToAct,CoursSupervisorInt,CoursSupervisorExt,CoursYear,CoursArea,CoursSection,CoursGenRept,CoursAreaRept,CoursLocation,CoursStatus from Courses where CoursId=? - </message>
</incident>
<incident>
<timestamp>16-04-2024 14:23:24</timestamp>
<incidentId>0301052520240416142324</incidentId>
<message>select CoursCrsId,CoursType,CoursBulletin,CoursFromPln,CouursToPln,CoursFromAct,CoursToAct,CoursSupervisorInt,CoursSupervisorExt,CoursYear,CoursArea,CoursSection,CoursGenRept,CoursAreaRept,CoursLocation,CoursStatus from Courses where CoursId=? - </message>
</incident>
<incident>
<timestamp>16-04-2024 14:24:22</timestamp>
<incidentId>0301052520240416142422</incidentId>
<message>select CoursCrsId,CoursType,CoursBulletin,CoursFromPln,CouursToPln,CoursFromAct,CoursToAct,CoursSupervisorInt,CoursSupervisorExt,CoursYear,CoursArea,CoursSection,CoursGenRept,CoursAreaRept,CoursLocation,CoursStatus from Courses where CoursId=? - </message>
</incident>
<incident>
<timestamp>16-04-2024 14:26:22</timestamp>
<incidentId>0301052520240416142622</incidentId>
<message>select CoursCrsId,CoursType,CoursBulletin,CoursFromPln,CouursToPln,CoursFromAct,CoursToAct,CoursSupervisorInt,CoursSupervisorExt,CoursYear,CoursArea,CoursSection,CoursGenRept,CoursAreaRept,CoursLocation,CoursStatus from Courses where CoursId=? - </message>
</incident>
<incident>
<timestamp>16-04-2024 14:30:34</timestamp>
<incidentId>0301052520240416143034</incidentId>
<message>select CoursCrsId,CoursType,CoursBulletin,CoursFromPln,CouursToPln,CoursFromAct,CoursToAct,CoursSupervisorInt,CoursSupervisorExt,CoursYear,CoursArea,CoursSection,CoursGenRept,CoursAreaRept,CoursLocation,CoursStatus from Courses where CoursId=? - </message>
</incident>
<incident>
<timestamp>16-04-2024 14:40:52</timestamp>
<incidentId>030105320240416144052</incidentId>
<message>select CoursCrsId,CoursType,CoursBulletin,CoursFromPln,CouursToPln,CoursFromAct,CoursToAct,CoursSupervisorInt,CoursSupervisorExt,CoursYear,CoursArea,CoursSection,CoursGenRept,CoursAreaRept,CoursLocation,CoursStatus from Courses where CoursId=? - </message>
</incident>
<incident>
<timestamp>16-04-2024 14:41:30</timestamp>
<incidentId>030105320240416144130</incidentId>
<message>select CoursCrsId,CoursType,CoursBulletin,CoursFromPln,CouursToPln,CoursFromAct,CoursToAct,CoursSupervisorInt,CoursSupervisorExt,CoursYear,CoursArea,CoursSection,CoursGenRept,CoursAreaRept,CoursLocation,CoursStatus from Courses where CoursId=? - </message>
</incident>
<incident>
<timestamp>16-04-2024 14:41:45</timestamp>
<incidentId>030105320240416144145</incidentId>
<message>select CoursCrsId,CoursType,CoursBulletin,CoursFromPln,CouursToPln,CoursFromAct,CoursToAct,CoursSupervisorInt,CoursSupervisorExt,CoursYear,CoursArea,CoursSection,CoursGenRept,CoursAreaRept,CoursLocation,CoursStatus from Courses where CoursId=? - </message>
</incident>
<incident>
<timestamp>12-05-2024 13:48:43</timestamp>
<incidentId>0501031520240512134843</incidentId>
<message>INSERT INTO CourseLecHours(clhLecId,clhCrsId,clhHoursP,clhHoursT,clhNights,clhratio,clhDistrictFrom,clhDistrictTo,clhDays,clhReturn,clhPeriod) VALUES (?,?,?,?,?,?,?,?,?,?,?) - Duplicate entry '278-733-151' for key 'PRIMARY'</message>
</incident>
<incident>
<timestamp>20-05-2024 08:51:16</timestamp>
<incidentId>0301053720240520085116</incidentId>
<message>select CoursCrsId,CoursType,CoursBulletin,CoursFromPln,CouursToPln,CoursFromAct,CoursToAct,CoursSupervisorInt,CoursSupervisorExt,CoursYear,CoursArea,CoursSection,CoursGenRept,CoursAreaRept,CoursLocation,CoursStatus from Courses where CoursId=? - </message>
</incident>
<incident>
<timestamp>29-05-2024 14:19:44</timestamp>
<incidentId>0301052520240529141944</incidentId>
<message>select CoursCrsId,CoursType,CoursBulletin,CoursFromPln,CouursToPln,CoursFromAct,CoursToAct,CoursSupervisorInt,CoursSupervisorExt,CoursYear,CoursArea,CoursSection,CoursGenRept,CoursAreaRept,CoursLocation,CoursStatus from Courses where CoursId=? - </message>
</incident>
<incident>
<timestamp>29-05-2024 14:24:28</timestamp>
<incidentId>0301052520240529142428</incidentId>
<message>select CoursCrsId,CoursType,CoursBulletin,CoursFromPln,CouursToPln,CoursFromAct,CoursToAct,CoursSupervisorInt,CoursSupervisorExt,CoursYear,CoursArea,CoursSection,CoursGenRept,CoursAreaRept,CoursLocation,CoursStatus from Courses where CoursId=? - </message>
</incident>
<incident>
<timestamp>29-05-2024 14:26:09</timestamp>
<incidentId>0301052520240529142609</incidentId>
<message>select CoursCrsId,CoursType,CoursBulletin,CoursFromPln,CouursToPln,CoursFromAct,CoursToAct,CoursSupervisorInt,CoursSupervisorExt,CoursYear,CoursArea,CoursSection,CoursGenRept,CoursAreaRept,CoursLocation,CoursStatus from Courses where CoursId=? - </message>
</incident>
<incident>
<timestamp>29-05-2024 14:27:21</timestamp>
<incidentId>0301052520240529142721</incidentId>
<message>select CoursCrsId,CoursType,CoursBulletin,CoursFromPln,CouursToPln,CoursFromAct,CoursToAct,CoursSupervisorInt,CoursSupervisorExt,CoursYear,CoursArea,CoursSection,CoursGenRept,CoursAreaRept,CoursLocation,CoursStatus from Courses where CoursId=? - </message>
</incident>
<incident>
<timestamp>29-05-2024 14:29:57</timestamp>
<incidentId>030105320240529142957</incidentId>
<message>select CoursCrsId,CoursType,CoursBulletin,CoursFromPln,CouursToPln,CoursFromAct,CoursToAct,CoursSupervisorInt,CoursSupervisorExt,CoursYear,CoursArea,CoursSection,CoursGenRept,CoursAreaRept,CoursLocation,CoursStatus from Courses where CoursId=? - </message>
</incident>
<incident>
<timestamp>29-05-2024 14:30:16</timestamp>
<incidentId>030105320240529143016</incidentId>
<message>select CoursCrsId,CoursType,CoursBulletin,CoursFromPln,CouursToPln,CoursFromAct,CoursToAct,CoursSupervisorInt,CoursSupervisorExt,CoursYear,CoursArea,CoursSection,CoursGenRept,CoursAreaRept,CoursLocation,CoursStatus from Courses where CoursId=? - </message>
</incident>
<incident>
<timestamp>29-05-2024 14:30:36</timestamp>
<incidentId>030105320240529143036</incidentId>
<message>select CoursCrsId,CoursType,CoursBulletin,CoursFromPln,CouursToPln,CoursFromAct,CoursToAct,CoursSupervisorInt,CoursSupervisorExt,CoursYear,CoursArea,CoursSection,CoursGenRept,CoursAreaRept,CoursLocation,CoursStatus from Courses where CoursId=? - </message>
</incident>
<incident>
<timestamp>29-05-2024 14:32:08</timestamp>
<incidentId>030105320240529143208</incidentId>
<message>select CoursCrsId,CoursType,CoursBulletin,CoursFromPln,CouursToPln,CoursFromAct,CoursToAct,CoursSupervisorInt,CoursSupervisorExt,CoursYear,CoursArea,CoursSection,CoursGenRept,CoursAreaRept,CoursLocation,CoursStatus from Courses where CoursId=? - </message>
</incident>
<incident>
<timestamp>30-05-2024 09:46:14</timestamp>
<incidentId>0301053620240530094614</incidentId>
<message>select CoursCrsId,CoursType,CoursBulletin,CoursFromPln,CouursToPln,CoursFromAct,CoursToAct,CoursSupervisorInt,CoursSupervisorExt,CoursYear,CoursArea,CoursSection,CoursGenRept,CoursAreaRept,CoursLocation,CoursStatus from Courses where CoursId=? - </message>
</incident>
<incident>
<timestamp>30-05-2024 09:49:00</timestamp>
<incidentId>0301053620240530094900</incidentId>
<message>select CoursCrsId,CoursType,CoursBulletin,CoursFromPln,CouursToPln,CoursFromAct,CoursToAct,CoursSupervisorInt,CoursSupervisorExt,CoursYear,CoursArea,CoursSection,CoursGenRept,CoursAreaRept,CoursLocation,CoursStatus from Courses where CoursId=? - </message>
</incident>
<incident>
<timestamp>30-05-2024 09:49:54</timestamp>
<incidentId>0301053620240530094954</incidentId>
<message>select CoursCrsId,CoursType,CoursBulletin,CoursFromPln,CouursToPln,CoursFromAct,CoursToAct,CoursSupervisorInt,CoursSupervisorExt,CoursYear,CoursArea,CoursSection,CoursGenRept,CoursAreaRept,CoursLocation,CoursStatus from Courses where CoursId=? - </message>
</incident>
<incident>
<timestamp>30-05-2024 11:01:23</timestamp>
<incidentId>030105320240530110123</incidentId>
<message>select CoursCrsId,CoursType,CoursBulletin,CoursFromPln,CouursToPln,CoursFromAct,CoursToAct,CoursSupervisorInt,CoursSupervisorExt,CoursYear,CoursArea,CoursSection,CoursGenRept,CoursAreaRept,CoursLocation,CoursStatus from Courses where CoursId=? - </message>
</incident>
<incident>
<timestamp>30-05-2024 11:01:29</timestamp>
<incidentId>030105320240530110129</incidentId>
<message>select CoursCrsId,CoursType,CoursBulletin,CoursFromPln,CouursToPln,CoursFromAct,CoursToAct,CoursSupervisorInt,CoursSupervisorExt,CoursYear,CoursArea,CoursSection,CoursGenRept,CoursAreaRept,CoursLocation,CoursStatus from Courses where CoursId=? - </message>
</incident>
<incident>
<timestamp>30-05-2024 11:01:33</timestamp>
<incidentId>030105320240530110133</incidentId>
<message>select CoursCrsId,CoursType,CoursBulletin,CoursFromPln,CouursToPln,CoursFromAct,CoursToAct,CoursSupervisorInt,CoursSupervisorExt,CoursYear,CoursArea,CoursSection,CoursGenRept,CoursAreaRept,CoursLocation,CoursStatus from Courses where CoursId=? - </message>
</incident>
<incident>
<timestamp>02-06-2024 09:23:26</timestamp>
<incidentId>0501032120240602092326</incidentId>
<message>INSERT INTO CourseLecHours(clhLecId,clhCrsId,clhHoursP,clhHoursT,clhNights,clhratio,clhDistrictFrom,clhDistrictTo,clhDays,clhReturn,clhPeriod) VALUES (?,?,?,?,?,?,?,?,?,?,?) - Duplicate entry '529-731-170' for key 'PRIMARY'</message>
</incident>
<incident>
<timestamp>02-06-2024 13:50:25</timestamp>
<incidentId>030105120240602135025</incidentId>
<message>select CoursCrsId,CoursType,CoursBulletin,CoursFromPln,CouursToPln,CoursFromAct,CoursToAct,CoursSupervisorInt,CoursSupervisorExt,CoursYear,CoursArea,CoursSection,CoursGenRept,CoursAreaRept,CoursLocation,CoursStatus from Courses where CoursId=? - </message>
</incident>
<incident>
<timestamp>12-08-2024 13:40:28</timestamp>
<incidentId>0301051020240812134028</incidentId>
<message>select CoursCrsId,CoursType,CoursBulletin,CoursFromPln,CouursToPln,CoursFromAct,CoursToAct,CoursSupervisorInt,CoursSupervisorExt,CoursYear,CoursArea,CoursSection,CoursGenRept,CoursAreaRept,CoursLocation,CoursStatus from Courses where CoursId=? - </message>
</incident>
<incident>
<timestamp>13-08-2024 11:20:06</timestamp>
<incidentId>0301052520240813112006</incidentId>
<message>select CoursCrsId,CoursType,CoursBulletin,CoursFromPln,CouursToPln,CoursFromAct,CoursToAct,CoursSupervisorInt,CoursSupervisorExt,CoursYear,CoursArea,CoursSection,CoursGenRept,CoursAreaRept,CoursLocation,CoursStatus from Courses where CoursId=? - </message>
</incident>
<incident>
<timestamp>13-08-2024 11:30:37</timestamp>
<incidentId>0301052520240813113037</incidentId>
<message>select CoursCrsId,CoursType,CoursBulletin,CoursFromPln,CouursToPln,CoursFromAct,CoursToAct,CoursSupervisorInt,CoursSupervisorExt,CoursYear,CoursArea,CoursSection,CoursGenRept,CoursAreaRept,CoursLocation,CoursStatus from Courses where CoursId=? - </message>
</incident>
<incident>
<timestamp>13-08-2024 11:36:33</timestamp>
<incidentId>030105320240813113633</incidentId>
<message>select CoursCrsId,CoursType,CoursBulletin,CoursFromPln,CouursToPln,CoursFromAct,CoursToAct,CoursSupervisorInt,CoursSupervisorExt,CoursYear,CoursArea,CoursSection,CoursGenRept,CoursAreaRept,CoursLocation,CoursStatus from Courses where CoursId=? - </message>
</incident>
<incident>
<timestamp>13-08-2024 11:36:42</timestamp>
<incidentId>030105320240813113642</incidentId>
<message>select CoursCrsId,CoursType,CoursBulletin,CoursFromPln,CouursToPln,CoursFromAct,CoursToAct,CoursSupervisorInt,CoursSupervisorExt,CoursYear,CoursArea,CoursSection,CoursGenRept,CoursAreaRept,CoursLocation,CoursStatus from Courses where CoursId=? - </message>
</incident>
<incident>
<timestamp>13-08-2024 11:43:51</timestamp>
<incidentId>0301053420240813114351</incidentId>
<message>select CoursCrsId,CoursType,CoursBulletin,CoursFromPln,CouursToPln,CoursFromAct,CoursToAct,CoursSupervisorInt,CoursSupervisorExt,CoursYear,CoursArea,CoursSection,CoursGenRept,CoursAreaRept,CoursLocation,CoursStatus from Courses where CoursId=? - </message>
</incident>
<incident>
<timestamp>13-08-2024 11:44:18</timestamp>
<incidentId>0301053420240813114418</incidentId>
<message>select CoursCrsId,CoursType,CoursBulletin,CoursFromPln,CouursToPln,CoursFromAct,CoursToAct,CoursSupervisorInt,CoursSupervisorExt,CoursYear,CoursArea,CoursSection,CoursGenRept,CoursAreaRept,CoursLocation,CoursStatus from Courses where CoursId=? - </message>
</incident>
<incident>
<timestamp>14-08-2024 10:08:39</timestamp>
<incidentId>0301053420240814100839</incidentId>
<message>select CoursCrsId,CoursType,CoursBulletin,CoursFromPln,CouursToPln,CoursFromAct,CoursToAct,CoursSupervisorInt,CoursSupervisorExt,CoursYear,CoursArea,CoursSection,CoursGenRept,CoursAreaRept,CoursLocation,CoursStatus from Courses where CoursId=? - </message>
</incident>
<incident>
<timestamp>14-08-2024 10:08:49</timestamp>
<incidentId>0301053420240814100849</incidentId>
<message>select CoursCrsId,CoursType,CoursBulletin,CoursFromPln,CouursToPln,CoursFromAct,CoursToAct,CoursSupervisorInt,CoursSupervisorExt,CoursYear,CoursArea,CoursSection,CoursGenRept,CoursAreaRept,CoursLocation,CoursStatus from Courses where CoursId=? - </message>
</incident>
<incident>
<timestamp>14-08-2024 10:09:21</timestamp>
<incidentId>0301053420240814100921</incidentId>
<message>select CoursCrsId,CoursType,CoursBulletin,CoursFromPln,CouursToPln,CoursFromAct,CoursToAct,CoursSupervisorInt,CoursSupervisorExt,CoursYear,CoursArea,CoursSection,CoursGenRept,CoursAreaRept,CoursLocation,CoursStatus from Courses where CoursId=? - </message>
</incident>
<incident>
<timestamp>14-08-2024 10:09:42</timestamp>
<incidentId>0301053420240814100942</incidentId>
<message>select CoursCrsId,CoursType,CoursBulletin,CoursFromPln,CouursToPln,CoursFromAct,CoursToAct,CoursSupervisorInt,CoursSupervisorExt,CoursYear,CoursArea,CoursSection,CoursGenRept,CoursAreaRept,CoursLocation,CoursStatus from Courses where CoursId=? - </message>
</incident>
<incident>
<timestamp>14-08-2024 12:24:38</timestamp>
<incidentId>0301053420240814122438</incidentId>
<message>select CoursCrsId,CoursType,CoursBulletin,CoursFromPln,CouursToPln,CoursFromAct,CoursToAct,CoursSupervisorInt,CoursSupervisorExt,CoursYear,CoursArea,CoursSection,CoursGenRept,CoursAreaRept,CoursLocation,CoursStatus from Courses where CoursId=? - </message>
</incident>
<incident>
<timestamp>15-08-2024 09:36:19</timestamp>
<incidentId>030105320240815093619</incidentId>
<message>select CoursCrsId,CoursType,CoursBulletin,CoursFromPln,CouursToPln,CoursFromAct,CoursToAct,CoursSupervisorInt,CoursSupervisorExt,CoursYear,CoursArea,CoursSection,CoursGenRept,CoursAreaRept,CoursLocation,CoursStatus from Courses where CoursId=? - </message>
</incident>
<incident>
<timestamp>15-08-2024 09:36:23</timestamp>
<incidentId>030105320240815093623</incidentId>
<message>select CoursCrsId,CoursType,CoursBulletin,CoursFromPln,CouursToPln,CoursFromAct,CoursToAct,CoursSupervisorInt,CoursSupervisorExt,CoursYear,CoursArea,CoursSection,CoursGenRept,CoursAreaRept,CoursLocation,CoursStatus from Courses where CoursId=? - </message>
</incident>
<incident>
<timestamp>15-08-2024 09:36:35</timestamp>
<incidentId>030105320240815093635</incidentId>
<message>select CoursCrsId,CoursType,CoursBulletin,CoursFromPln,CouursToPln,CoursFromAct,CoursToAct,CoursSupervisorInt,CoursSupervisorExt,CoursYear,CoursArea,CoursSection,CoursGenRept,CoursAreaRept,CoursLocation,CoursStatus from Courses where CoursId=? - </message>
</incident>
<incident>
<timestamp>15-08-2024 09:36:39</timestamp>
<incidentId>030105320240815093639</incidentId>
<message>select CoursCrsId,CoursType,CoursBulletin,CoursFromPln,CouursToPln,CoursFromAct,CoursToAct,CoursSupervisorInt,CoursSupervisorExt,CoursYear,CoursArea,CoursSection,CoursGenRept,CoursAreaRept,CoursLocation,CoursStatus from Courses where CoursId=? - </message>
</incident>
<incident>
<timestamp>27-08-2024 10:58:50</timestamp>
<incidentId>0301052520240827105850</incidentId>
<message>select CoursCrsId,CoursType,CoursBulletin,CoursFromPln,CouursToPln,CoursFromAct,CoursToAct,CoursSupervisorInt,CoursSupervisorExt,CoursYear,CoursArea,CoursSection,CoursGenRept,CoursAreaRept,CoursLocation,CoursStatus from Courses where CoursId=? - </message>
</incident>
<incident>
<timestamp>28-08-2024 09:01:57</timestamp>
<incidentId>0301052520240828090157</incidentId>
<message>select CoursCrsId,CoursType,CoursBulletin,CoursFromPln,CouursToPln,CoursFromAct,CoursToAct,CoursSupervisorInt,CoursSupervisorExt,CoursYear,CoursArea,CoursSection,CoursGenRept,CoursAreaRept,CoursLocation,CoursStatus from Courses where CoursId=? - </message>
</incident>
<incident>
<timestamp>28-08-2024 09:10:20</timestamp>
<incidentId>030105320240828091020</incidentId>
<message>select CoursCrsId,CoursType,CoursBulletin,CoursFromPln,CouursToPln,CoursFromAct,CoursToAct,CoursSupervisorInt,CoursSupervisorExt,CoursYear,CoursArea,CoursSection,CoursGenRept,CoursAreaRept,CoursLocation,CoursStatus from Courses where CoursId=? - </message>
</incident>
<incident>
<timestamp>28-08-2024 09:10:27</timestamp>
<incidentId>030105320240828091027</incidentId>
<message>select CoursCrsId,CoursType,CoursBulletin,CoursFromPln,CouursToPln,CoursFromAct,CoursToAct,CoursSupervisorInt,CoursSupervisorExt,CoursYear,CoursArea,CoursSection,CoursGenRept,CoursAreaRept,CoursLocation,CoursStatus from Courses where CoursId=? - </message>
</incident>
<incident>
<timestamp>28-08-2024 09:28:59</timestamp>
<incidentId>0301053420240828092859</incidentId>
<message>select CoursCrsId,CoursType,CoursBulletin,CoursFromPln,CouursToPln,CoursFromAct,CoursToAct,CoursSupervisorInt,CoursSupervisorExt,CoursYear,CoursArea,CoursSection,CoursGenRept,CoursAreaRept,CoursLocation,CoursStatus from Courses where CoursId=? - </message>
</incident>
<incident>
<timestamp>28-08-2024 09:29:26</timestamp>
<incidentId>0301053420240828092926</incidentId>
<message>select CoursCrsId,CoursType,CoursBulletin,CoursFromPln,CouursToPln,CoursFromAct,CoursToAct,CoursSupervisorInt,CoursSupervisorExt,CoursYear,CoursArea,CoursSection,CoursGenRept,CoursAreaRept,CoursLocation,CoursStatus from Courses where CoursId=? - </message>
</incident>
<incident>
<timestamp>28-08-2024 09:29:37</timestamp>
<incidentId>0301053420240828092937</incidentId>
<message>select CoursCrsId,CoursType,CoursBulletin,CoursFromPln,CouursToPln,CoursFromAct,CoursToAct,CoursSupervisorInt,CoursSupervisorExt,CoursYear,CoursArea,CoursSection,CoursGenRept,CoursAreaRept,CoursLocation,CoursStatus from Courses where CoursId=? - </message>
</incident>
<incident>
<timestamp>28-08-2024 09:30:00</timestamp>
<incidentId>0301053420240828093000</incidentId>
<message>select CoursCrsId,CoursType,CoursBulletin,CoursFromPln,CouursToPln,CoursFromAct,CoursToAct,CoursSupervisorInt,CoursSupervisorExt,CoursYear,CoursArea,CoursSection,CoursGenRept,CoursAreaRept,CoursLocation,CoursStatus from Courses where CoursId=? - </message>
</incident>
<incident>
<timestamp>28-08-2024 09:30:14</timestamp>
<incidentId>0301053420240828093014</incidentId>
<message>select CoursCrsId,CoursType,CoursBulletin,CoursFromPln,CouursToPln,CoursFromAct,CoursToAct,CoursSupervisorInt,CoursSupervisorExt,CoursYear,CoursArea,CoursSection,CoursGenRept,CoursAreaRept,CoursLocation,CoursStatus from Courses where CoursId=? - </message>
</incident>
<incident>
<timestamp>28-08-2024 09:37:08</timestamp>
<incidentId>0301052520240828093708</incidentId>
<message>select CoursCrsId,CoursType,CoursBulletin,CoursFromPln,CouursToPln,CoursFromAct,CoursToAct,CoursSupervisorInt,CoursSupervisorExt,CoursYear,CoursArea,CoursSection,CoursGenRept,CoursAreaRept,CoursLocation,CoursStatus from Courses where CoursId=? - </message>
</incident>
<incident>
<timestamp>28-08-2024 09:42:56</timestamp>
<incidentId>030105120240828094256</incidentId>
<message>select CoursCrsId,CoursType,CoursBulletin,CoursFromPln,CouursToPln,CoursFromAct,CoursToAct,CoursSupervisorInt,CoursSupervisorExt,CoursYear,CoursArea,CoursSection,CoursGenRept,CoursAreaRept,CoursLocation,CoursStatus from Courses where CoursId=? - </message>
</incident>
<incident>
<timestamp>28-08-2024 09:43:24</timestamp>
<incidentId>030105120240828094324</incidentId>
<message>select CoursCrsId,CoursType,CoursBulletin,CoursFromPln,CouursToPln,CoursFromAct,CoursToAct,CoursSupervisorInt,CoursSupervisorExt,CoursYear,CoursArea,CoursSection,CoursGenRept,CoursAreaRept,CoursLocation,CoursStatus from Courses where CoursId=? - </message>
</incident>
<incident>
<timestamp>28-08-2024 09:43:33</timestamp>
<incidentId>030105120240828094333</incidentId>
<message>select CoursCrsId,CoursType,CoursBulletin,CoursFromPln,CouursToPln,CoursFromAct,CoursToAct,CoursSupervisorInt,CoursSupervisorExt,CoursYear,CoursArea,CoursSection,CoursGenRept,CoursAreaRept,CoursLocation,CoursStatus from Courses where CoursId=? - </message>
</incident>
<incident>
<timestamp>28-08-2024 09:44:08</timestamp>
<incidentId>030105120240828094408</incidentId>
<message>select CoursCrsId,CoursType,CoursBulletin,CoursFromPln,CouursToPln,CoursFromAct,CoursToAct,CoursSupervisorInt,CoursSupervisorExt,CoursYear,CoursArea,CoursSection,CoursGenRept,CoursAreaRept,CoursLocation,CoursStatus from Courses where CoursId=? - </message>
</incident>
<incident>
<timestamp>28-08-2024 09:45:15</timestamp>
<incidentId>030105120240828094515</incidentId>
<message>select CoursCrsId,CoursType,CoursBulletin,CoursFromPln,CouursToPln,CoursFromAct,CoursToAct,CoursSupervisorInt,CoursSupervisorExt,CoursYear,CoursArea,CoursSection,CoursGenRept,CoursAreaRept,CoursLocation,CoursStatus from Courses where CoursId=? - </message>
</incident>
<incident>
<timestamp>28-08-2024 09:45:21</timestamp>
<incidentId>030105120240828094521</incidentId>
<message>select CoursCrsId,CoursType,CoursBulletin,CoursFromPln,CouursToPln,CoursFromAct,CoursToAct,CoursSupervisorInt,CoursSupervisorExt,CoursYear,CoursArea,CoursSection,CoursGenRept,CoursAreaRept,CoursLocation,CoursStatus from Courses where CoursId=? - </message>
</incident>
<incident>
<timestamp>28-08-2024 09:45:35</timestamp>
<incidentId>030105120240828094535</incidentId>
<message>select CoursCrsId,CoursType,CoursBulletin,CoursFromPln,CouursToPln,CoursFromAct,CoursToAct,CoursSupervisorInt,CoursSupervisorExt,CoursYear,CoursArea,CoursSection,CoursGenRept,CoursAreaRept,CoursLocation,CoursStatus from Courses where CoursId=? - </message>
</incident>
<incident>
<timestamp>28-08-2024 09:45:54</timestamp>
<incidentId>030105120240828094554</incidentId>
<message>select CoursCrsId,CoursType,CoursBulletin,CoursFromPln,CouursToPln,CoursFromAct,CoursToAct,CoursSupervisorInt,CoursSupervisorExt,CoursYear,CoursArea,CoursSection,CoursGenRept,CoursAreaRept,CoursLocation,CoursStatus from Courses where CoursId=? - </message>
</incident>
<incident>
<timestamp>28-08-2024 10:06:06</timestamp>
<incidentId>0301053420240828100606</incidentId>
<message>select CoursCrsId,CoursType,CoursBulletin,CoursFromPln,CouursToPln,CoursFromAct,CoursToAct,CoursSupervisorInt,CoursSupervisorExt,CoursYear,CoursArea,CoursSection,CoursGenRept,CoursAreaRept,CoursLocation,CoursStatus from Courses where CoursId=? - </message>
</incident>
<incident>
<timestamp>28-08-2024 10:54:03</timestamp>
<incidentId>0301052520240828105403</incidentId>
<message>select CoursCrsId,CoursType,CoursBulletin,CoursFromPln,CouursToPln,CoursFromAct,CoursToAct,CoursSupervisorInt,CoursSupervisorExt,CoursYear,CoursArea,CoursSection,CoursGenRept,CoursAreaRept,CoursLocation,CoursStatus from Courses where CoursId=? - </message>
</incident>
<incident>
<timestamp>28-08-2024 10:58:15</timestamp>
<incidentId>030105320240828105815</incidentId>
<message>select CoursCrsId,CoursType,CoursBulletin,CoursFromPln,CouursToPln,CoursFromAct,CoursToAct,CoursSupervisorInt,CoursSupervisorExt,CoursYear,CoursArea,CoursSection,CoursGenRept,CoursAreaRept,CoursLocation,CoursStatus from Courses where CoursId=? - </message>
</incident>
<incident>
<timestamp>28-08-2024 11:22:50</timestamp>
<incidentId>0301053420240828112250</incidentId>
<message>select CoursCrsId,CoursType,CoursBulletin,CoursFromPln,CouursToPln,CoursFromAct,CoursToAct,CoursSupervisorInt,CoursSupervisorExt,CoursYear,CoursArea,CoursSection,CoursGenRept,CoursAreaRept,CoursLocation,CoursStatus from Courses where CoursId=? - </message>
</incident>
<incident>
<timestamp>28-08-2024 11:41:58</timestamp>
<incidentId>030105320240828114158</incidentId>
<message>select CoursCrsId,CoursType,CoursBulletin,CoursFromPln,CouursToPln,CoursFromAct,CoursToAct,CoursSupervisorInt,CoursSupervisorExt,CoursYear,CoursArea,CoursSection,CoursGenRept,CoursAreaRept,CoursLocation,CoursStatus from Courses where CoursId=? - </message>
</incident>
<incident>
<timestamp>28-08-2024 11:42:04</timestamp>
<incidentId>030105320240828114204</incidentId>
<message>select CoursCrsId,CoursType,CoursBulletin,CoursFromPln,CouursToPln,CoursFromAct,CoursToAct,CoursSupervisorInt,CoursSupervisorExt,CoursYear,CoursArea,CoursSection,CoursGenRept,CoursAreaRept,CoursLocation,CoursStatus from Courses where CoursId=? - </message>
</incident>
<incident>
<timestamp>28-08-2024 11:42:22</timestamp>
<incidentId>030105320240828114222</incidentId>
<message>select CoursCrsId,CoursType,CoursBulletin,CoursFromPln,CouursToPln,CoursFromAct,CoursToAct,CoursSupervisorInt,CoursSupervisorExt,CoursYear,CoursArea,CoursSection,CoursGenRept,CoursAreaRept,CoursLocation,CoursStatus from Courses where CoursId=? - </message>
</incident>
<incident>
<timestamp>28-08-2024 12:14:16</timestamp>
<incidentId>0301051020240828121416</incidentId>
<message>select CoursCrsId,CoursType,CoursBulletin,CoursFromPln,CouursToPln,CoursFromAct,CoursToAct,CoursSupervisorInt,CoursSupervisorExt,CoursYear,CoursArea,CoursSection,CoursGenRept,CoursAreaRept,CoursLocation,CoursStatus from Courses where CoursId=? - </message>
</incident>
<incident>
<timestamp>28-08-2024 12:15:18</timestamp>
<incidentId>0301051020240828121518</incidentId>
<message>select CoursCrsId,CoursType,CoursBulletin,CoursFromPln,CouursToPln,CoursFromAct,CoursToAct,CoursSupervisorInt,CoursSupervisorExt,CoursYear,CoursArea,CoursSection,CoursGenRept,CoursAreaRept,CoursLocation,CoursStatus from Courses where CoursId=? - </message>
</incident>
<incident>
<timestamp>28-08-2024 12:15:48</timestamp>
<incidentId>0301051020240828121548</incidentId>
<message>select CoursCrsId,CoursType,CoursBulletin,CoursFromPln,CouursToPln,CoursFromAct,CoursToAct,CoursSupervisorInt,CoursSupervisorExt,CoursYear,CoursArea,CoursSection,CoursGenRept,CoursAreaRept,CoursLocation,CoursStatus from Courses where CoursId=? - </message>
</incident>
<incident>
<timestamp>29-08-2024 10:37:39</timestamp>
<incidentId>0301051020240829103739</incidentId>
<message>select CoursCrsId,CoursType,CoursBulletin,CoursFromPln,CouursToPln,CoursFromAct,CoursToAct,CoursSupervisorInt,CoursSupervisorExt,CoursYear,CoursArea,CoursSection,CoursGenRept,CoursAreaRept,CoursLocation,CoursStatus from Courses where CoursId=? - </message>
</incident>
<incident>
<timestamp>01-09-2024 09:13:42</timestamp>
<incidentId>0501032120240901091342</incidentId>
<message>update coursetrainees set crstrnFees=?,crstrnCurrency=?,crstrnCertCount=? where crstrntrainee = ? and crstrncourse = ? - Cannot add or update a child row: a foreign key constraint fails (`pti`.`coursetrainees`, CONSTRAINT `coursetrainees_ibfk_2` FOREIGN KEY (`crstrnCurrency`) REFERENCES `Currencies` (`CurId`))</message>
</incident>
<incident>
<timestamp>02-10-2024 10:17:31</timestamp>
<incidentId>0501034920241002101731</incidentId>
<message>INSERT INTO CourseLecHours(clhLecId,clhCrsId,clhHoursP,clhHoursT,clhNights,clhratio,clhDistrictFrom,clhDistrictTo,clhDays,clhReturn,clhPeriod) VALUES (?,?,?,?,?,?,?,?,?,?,?) - Duplicate entry '550-1339-417' for key 'PRIMARY'</message>
</incident>
<incident>
<timestamp>13-10-2024 12:11:22</timestamp>
<incidentId>0301052520241013121122</incidentId>
<message>select CoursCrsId,CoursType,CoursBulletin,CoursFromPln,CouursToPln,CoursFromAct,CoursToAct,CoursSupervisorInt,CoursSupervisorExt,CoursYear,CoursArea,CoursSection,CoursGenRept,CoursAreaRept,CoursLocation,CoursStatus from Courses where CoursId=? - </message>
</incident>
<incident>
<timestamp>13-10-2024 12:19:44</timestamp>
<incidentId>0301053720241013121944</incidentId>
<message>select CoursCrsId,CoursType,CoursBulletin,CoursFromPln,CouursToPln,CoursFromAct,CoursToAct,CoursSupervisorInt,CoursSupervisorExt,CoursYear,CoursArea,CoursSection,CoursGenRept,CoursAreaRept,CoursLocation,CoursStatus from Courses where CoursId=? - </message>
</incident>
<incident>
<timestamp>13-10-2024 13:55:12</timestamp>
<incidentId>0301052520241013135512</incidentId>
<message>select CoursCrsId,CoursType,CoursBulletin,CoursFromPln,CouursToPln,CoursFromAct,CoursToAct,CoursSupervisorInt,CoursSupervisorExt,CoursYear,CoursArea,CoursSection,CoursGenRept,CoursAreaRept,CoursLocation,CoursStatus from Courses where CoursId=? - </message>
</incident>
<incident>
<timestamp>13-10-2024 13:57:06</timestamp>
<incidentId>0301052520241013135706</incidentId>
<message>select CoursCrsId,CoursType,CoursBulletin,CoursFromPln,CouursToPln,CoursFromAct,CoursToAct,CoursSupervisorInt,CoursSupervisorExt,CoursYear,CoursArea,CoursSection,CoursGenRept,CoursAreaRept,CoursLocation,CoursStatus from Courses where CoursId=? - </message>
</incident>
<incident>
<timestamp>13-10-2024 14:01:38</timestamp>
<incidentId>030105320241013140138</incidentId>
<message>select CoursCrsId,CoursType,CoursBulletin,CoursFromPln,CouursToPln,CoursFromAct,CoursToAct,CoursSupervisorInt,CoursSupervisorExt,CoursYear,CoursArea,CoursSection,CoursGenRept,CoursAreaRept,CoursLocation,CoursStatus from Courses where CoursId=? - </message>
</incident>
<incident>
<timestamp>29-10-2024 09:15:39</timestamp>
<incidentId>030105120241029091539</incidentId>
<message>select CoursCrsId,CoursType,CoursBulletin,CoursFromPln,CouursToPln,CoursFromAct,CoursToAct,CoursSupervisorInt,CoursSupervisorExt,CoursYear,CoursArea,CoursSection,CoursGenRept,CoursAreaRept,CoursLocation,CoursStatus from Courses where CoursId=? - </message>
</incident>
<incident>
<timestamp>04-11-2024 11:42:30</timestamp>
<incidentId>030105120241104114230</incidentId>
<message>select CoursCrsId,CoursType,CoursBulletin,CoursFromPln,CouursToPln,CoursFromAct,CoursToAct,CoursSupervisorInt,CoursSupervisorExt,CoursYear,CoursArea,CoursSection,CoursGenRept,CoursAreaRept,CoursLocation,CoursStatus from Courses where CoursId=? - </message>
</incident>
<incident>
<timestamp>04-11-2024 11:42:44</timestamp>
<incidentId>030105120241104114244</incidentId>
<message>select CoursCrsId,CoursType,CoursBulletin,CoursFromPln,CouursToPln,CoursFromAct,CoursToAct,CoursSupervisorInt,CoursSupervisorExt,CoursYear,CoursArea,CoursSection,CoursGenRept,CoursAreaRept,CoursLocation,CoursStatus from Courses where CoursId=? - </message>
</incident>
<incident>
<timestamp>04-11-2024 14:09:37</timestamp>
<incidentId>030105120241104140937</incidentId>
<message>select CoursCrsId,CoursType,CoursBulletin,CoursFromPln,CouursToPln,CoursFromAct,CoursToAct,CoursSupervisorInt,CoursSupervisorExt,CoursYear,CoursArea,CoursSection,CoursGenRept,CoursAreaRept,CoursLocation,CoursStatus from Courses where CoursId=? - </message>
</incident>
<incident>
<timestamp>04-11-2024 14:11:35</timestamp>
<incidentId>030105120241104141135</incidentId>
<message>select CoursCrsId,CoursType,CoursBulletin,CoursFromPln,CouursToPln,CoursFromAct,CoursToAct,CoursSupervisorInt,CoursSupervisorExt,CoursYear,CoursArea,CoursSection,CoursGenRept,CoursAreaRept,CoursLocation,CoursStatus from Courses where CoursId=? - </message>
</incident>
<incident>
<timestamp>05-11-2024 08:56:37</timestamp>
<incidentId>0301052920241105085637</incidentId>
<message>select CoursCrsId,CoursType,CoursBulletin,CoursFromPln,CouursToPln,CoursFromAct,CoursToAct,CoursSupervisorInt,CoursSupervisorExt,CoursYear,CoursArea,CoursSection,CoursGenRept,CoursAreaRept,CoursLocation,CoursStatus from Courses where CoursId=? - </message>
</incident>
<incident>
<timestamp>05-11-2024 08:56:49</timestamp>
<incidentId>0301052920241105085649</incidentId>
<message>select CoursCrsId,CoursType,CoursBulletin,CoursFromPln,CouursToPln,CoursFromAct,CoursToAct,CoursSupervisorInt,CoursSupervisorExt,CoursYear,CoursArea,CoursSection,CoursGenRept,CoursAreaRept,CoursLocation,CoursStatus from Courses where CoursId=? - </message>
</incident>
<incident>
<timestamp>10-11-2024 09:58:36</timestamp>
<incidentId>030105120241110095836</incidentId>
<message>select CoursCrsId,CoursType,CoursBulletin,CoursFromPln,CouursToPln,CoursFromAct,CoursToAct,CoursSupervisorInt,CoursSupervisorExt,CoursYear,CoursArea,CoursSection,CoursGenRept,CoursAreaRept,CoursLocation,CoursStatus from Courses where CoursId=? - </message>
</incident>
<incident>
<timestamp>10-11-2024 09:58:59</timestamp>
<incidentId>030105120241110095859</incidentId>
<message>select CoursCrsId,CoursType,CoursBulletin,CoursFromPln,CouursToPln,CoursFromAct,CoursToAct,CoursSupervisorInt,CoursSupervisorExt,CoursYear,CoursArea,CoursSection,CoursGenRept,CoursAreaRept,CoursLocation,CoursStatus from Courses where CoursId=? - </message>
</incident>
<incident>
<timestamp>10-11-2024 10:00:11</timestamp>
<incidentId>030105120241110100011</incidentId>
<message>select CoursCrsId,CoursType,CoursBulletin,CoursFromPln,CouursToPln,CoursFromAct,CoursToAct,CoursSupervisorInt,CoursSupervisorExt,CoursYear,CoursArea,CoursSection,CoursGenRept,CoursAreaRept,CoursLocation,CoursStatus from Courses where CoursId=? - </message>
</incident>
<incident>
<timestamp>10-11-2024 12:40:58</timestamp>
<incidentId>0301052520241110124058</incidentId>
<message>select CoursCrsId,CoursType,CoursBulletin,CoursFromPln,CouursToPln,CoursFromAct,CoursToAct,CoursSupervisorInt,CoursSupervisorExt,CoursYear,CoursArea,CoursSection,CoursGenRept,CoursAreaRept,CoursLocation,CoursStatus from Courses where CoursId=? - </message>
</incident>
<incident>
<timestamp>10-11-2024 12:59:52</timestamp>
<incidentId>0301053420241110125952</incidentId>
<message>select CoursCrsId,CoursType,CoursBulletin,CoursFromPln,CouursToPln,CoursFromAct,CoursToAct,CoursSupervisorInt,CoursSupervisorExt,CoursYear,CoursArea,CoursSection,CoursGenRept,CoursAreaRept,CoursLocation,CoursStatus from Courses where CoursId=? - </message>
</incident>
<incident>
<timestamp>10-11-2024 13:02:07</timestamp>
<incidentId>030105320241110130207</incidentId>
<message>select CoursCrsId,CoursType,CoursBulletin,CoursFromPln,CouursToPln,CoursFromAct,CoursToAct,CoursSupervisorInt,CoursSupervisorExt,CoursYear,CoursArea,CoursSection,CoursGenRept,CoursAreaRept,CoursLocation,CoursStatus from Courses where CoursId=? - </message>
</incident>
<incident>
<timestamp>10-11-2024 13:03:39</timestamp>
<incidentId>0301053420241110130339</incidentId>
<message>select CoursCrsId,CoursType,CoursBulletin,CoursFromPln,CouursToPln,CoursFromAct,CoursToAct,CoursSupervisorInt,CoursSupervisorExt,CoursYear,CoursArea,CoursSection,CoursGenRept,CoursAreaRept,CoursLocation,CoursStatus from Courses where CoursId=? - </message>
</incident>
<incident>
<timestamp>10-11-2024 13:33:02</timestamp>
<incidentId>0501034920241110133302</incidentId>
<message>INSERT INTO CourseLecHours(clhLecId,clhCrsId,clhHoursP,clhHoursT,clhNights,clhratio,clhDistrictFrom,clhDistrictTo,clhDays,clhReturn,clhPeriod) VALUES (?,?,?,?,?,?,?,?,?,?,?) - Duplicate entry '381-1475-482' for key 'PRIMARY'</message>
</incident>
<incident>
<timestamp>12-11-2024 10:31:30</timestamp>
<incidentId>0301055220241112103130</incidentId>
<message>select CoursCrsId,CoursType,CoursBulletin,CoursFromPln,CouursToPln,CoursFromAct,CoursToAct,CoursSupervisorInt,CoursSupervisorExt,CoursYear,CoursArea,CoursSection,CoursGenRept,CoursAreaRept,CoursLocation,CoursStatus from Courses where CoursId=? - </message>
</incident>
<incident>
<timestamp>12-11-2024 10:31:41</timestamp>
<incidentId>0301055220241112103141</incidentId>
<message>select CoursCrsId,CoursType,CoursBulletin,CoursFromPln,CouursToPln,CoursFromAct,CoursToAct,CoursSupervisorInt,CoursSupervisorExt,CoursYear,CoursArea,CoursSection,CoursGenRept,CoursAreaRept,CoursLocation,CoursStatus from Courses where CoursId=? - </message>
</incident>
<incident>
<timestamp>17-11-2024 10:30:02</timestamp>
<incidentId>0301052520241117103002</incidentId>
<message>select CoursCrsId,CoursType,CoursBulletin,CoursFromPln,CouursToPln,CoursFromAct,CoursToAct,CoursSupervisorInt,CoursSupervisorExt,CoursYear,CoursArea,CoursSection,CoursGenRept,CoursAreaRept,CoursLocation,CoursStatus from Courses where CoursId=? - </message>
</incident>
<incident>
<timestamp>17-11-2024 10:31:04</timestamp>
<incidentId>0301052520241117103104</incidentId>
<message>select CoursCrsId,CoursType,CoursBulletin,CoursFromPln,CouursToPln,CoursFromAct,CoursToAct,CoursSupervisorInt,CoursSupervisorExt,CoursYear,CoursArea,CoursSection,CoursGenRept,CoursAreaRept,CoursLocation,CoursStatus from Courses where CoursId=? - </message>
</incident>
<incident>
<timestamp>17-11-2024 10:33:15</timestamp>
<incidentId>0301052520241117103315</incidentId>
<message>select CoursCrsId,CoursType,CoursBulletin,CoursFromPln,CouursToPln,CoursFromAct,CoursToAct,CoursSupervisorInt,CoursSupervisorExt,CoursYear,CoursArea,CoursSection,CoursGenRept,CoursAreaRept,CoursLocation,CoursStatus from Courses where CoursId=? - </message>
</incident>
<incident>
<timestamp>17-11-2024 11:05:06</timestamp>
<incidentId>030105320241117110506</incidentId>
<message>select CoursCrsId,CoursType,CoursBulletin,CoursFromPln,CouursToPln,CoursFromAct,CoursToAct,CoursSupervisorInt,CoursSupervisorExt,CoursYear,CoursArea,CoursSection,CoursGenRept,CoursAreaRept,CoursLocation,CoursStatus from Courses where CoursId=? - </message>
</incident>
<incident>
<timestamp>17-11-2024 11:05:11</timestamp>
<incidentId>030105320241117110511</incidentId>
<message>select CoursCrsId,CoursType,CoursBulletin,CoursFromPln,CouursToPln,CoursFromAct,CoursToAct,CoursSupervisorInt,CoursSupervisorExt,CoursYear,CoursArea,CoursSection,CoursGenRept,CoursAreaRept,CoursLocation,CoursStatus from Courses where CoursId=? - </message>
</incident>
<incident>
<timestamp>17-11-2024 11:06:44</timestamp>
<incidentId>0301052520241117110644</incidentId>
<message>select CoursCrsId,CoursType,CoursBulletin,CoursFromPln,CouursToPln,CoursFromAct,CoursToAct,CoursSupervisorInt,CoursSupervisorExt,CoursYear,CoursArea,CoursSection,CoursGenRept,CoursAreaRept,CoursLocation,CoursStatus from Courses where CoursId=? - </message>
</incident>
<incident>
<timestamp>17-11-2024 11:06:59</timestamp>
<incidentId>0301052520241117110659</incidentId>
<message>select CoursCrsId,CoursType,CoursBulletin,CoursFromPln,CouursToPln,CoursFromAct,CoursToAct,CoursSupervisorInt,CoursSupervisorExt,CoursYear,CoursArea,CoursSection,CoursGenRept,CoursAreaRept,CoursLocation,CoursStatus from Courses where CoursId=? - </message>
</incident>
<incident>
<timestamp>18-11-2024 11:34:30</timestamp>
<incidentId>0301052520241118113430</incidentId>
<message>select CoursCrsId,CoursType,CoursBulletin,CoursFromPln,CouursToPln,CoursFromAct,CoursToAct,CoursSupervisorInt,CoursSupervisorExt,CoursYear,CoursArea,CoursSection,CoursGenRept,CoursAreaRept,CoursLocation,CoursStatus from Courses where CoursId=? - </message>
</incident>
<incident>
<timestamp>18-11-2024 11:51:33</timestamp>
<incidentId>0301052520241118115133</incidentId>
<message>select CoursCrsId,CoursType,CoursBulletin,CoursFromPln,CouursToPln,CoursFromAct,CoursToAct,CoursSupervisorInt,CoursSupervisorExt,CoursYear,CoursArea,CoursSection,CoursGenRept,CoursAreaRept,CoursLocation,CoursStatus from Courses where CoursId=? - </message>
</incident>
<incident>
<timestamp>19-11-2024 09:23:20</timestamp>
<incidentId>030105320241119092320</incidentId>
<message>select CoursCrsId,CoursType,CoursBulletin,CoursFromPln,CouursToPln,CoursFromAct,CoursToAct,CoursSupervisorInt,CoursSupervisorExt,CoursYear,CoursArea,CoursSection,CoursGenRept,CoursAreaRept,CoursLocation,CoursStatus from Courses where CoursId=? - </message>
</incident>
<incident>
<timestamp>19-11-2024 09:23:36</timestamp>
<incidentId>030105320241119092336</incidentId>
<message>select CoursCrsId,CoursType,CoursBulletin,CoursFromPln,CouursToPln,CoursFromAct,CoursToAct,CoursSupervisorInt,CoursSupervisorExt,CoursYear,CoursArea,CoursSection,CoursGenRept,CoursAreaRept,CoursLocation,CoursStatus from Courses where CoursId=? - </message>
</incident>
<incident>
<timestamp>19-11-2024 14:43:18</timestamp>
<incidentId>0301053920241119144318</incidentId>
<message>select CoursCrsId,CoursType,CoursBulletin,CoursFromPln,CouursToPln,CoursFromAct,CoursToAct,CoursSupervisorInt,CoursSupervisorExt,CoursYear,CoursArea,CoursSection,CoursGenRept,CoursAreaRept,CoursLocation,CoursStatus from Courses where CoursId=? - </message>
</incident>
<incident>
<timestamp>19-11-2024 14:46:01</timestamp>
<incidentId>0301053920241119144601</incidentId>
<message>select CoursCrsId,CoursType,CoursBulletin,CoursFromPln,CouursToPln,CoursFromAct,CoursToAct,CoursSupervisorInt,CoursSupervisorExt,CoursYear,CoursArea,CoursSection,CoursGenRept,CoursAreaRept,CoursLocation,CoursStatus from Courses where CoursId=? - </message>
</incident>
<incident>
<timestamp>20-11-2024 08:19:09</timestamp>
<incidentId>0301053420241120081909</incidentId>
<message>select CoursCrsId,CoursType,CoursBulletin,CoursFromPln,CouursToPln,CoursFromAct,CoursToAct,CoursSupervisorInt,CoursSupervisorExt,CoursYear,CoursArea,CoursSection,CoursGenRept,CoursAreaRept,CoursLocation,CoursStatus from Courses where CoursId=? - </message>
</incident>
<incident>
<timestamp>20-11-2024 08:40:23</timestamp>
<incidentId>0301053620241120084023</incidentId>
<message>select CoursCrsId,CoursType,CoursBulletin,CoursFromPln,CouursToPln,CoursFromAct,CoursToAct,CoursSupervisorInt,CoursSupervisorExt,CoursYear,CoursArea,CoursSection,CoursGenRept,CoursAreaRept,CoursLocation,CoursStatus from Courses where CoursId=? - </message>
</incident>
<incident>
<timestamp>20-11-2024 08:40:48</timestamp>
<incidentId>0301053620241120084048</incidentId>
<message>select CoursCrsId,CoursType,CoursBulletin,CoursFromPln,CouursToPln,CoursFromAct,CoursToAct,CoursSupervisorInt,CoursSupervisorExt,CoursYear,CoursArea,CoursSection,CoursGenRept,CoursAreaRept,CoursLocation,CoursStatus from Courses where CoursId=? - </message>
</incident>
<incident>
<timestamp>20-11-2024 09:03:43</timestamp>
<incidentId>0301053620241120090343</incidentId>
<message>select CoursCrsId,CoursType,CoursBulletin,CoursFromPln,CouursToPln,CoursFromAct,CoursToAct,CoursSupervisorInt,CoursSupervisorExt,CoursYear,CoursArea,CoursSection,CoursGenRept,CoursAreaRept,CoursLocation,CoursStatus from Courses where CoursId=? - </message>
</incident>
<incident>
<timestamp>20-11-2024 09:04:19</timestamp>
<incidentId>0301053620241120090419</incidentId>
<message>select CoursCrsId,CoursType,CoursBulletin,CoursFromPln,CouursToPln,CoursFromAct,CoursToAct,CoursSupervisorInt,CoursSupervisorExt,CoursYear,CoursArea,CoursSection,CoursGenRept,CoursAreaRept,CoursLocation,CoursStatus from Courses where CoursId=? - </message>
</incident>
<incident>
<timestamp>20-11-2024 12:55:46</timestamp>
<incidentId>030105120241120125546</incidentId>
<message>select CoursCrsId,CoursType,CoursBulletin,CoursFromPln,CouursToPln,CoursFromAct,CoursToAct,CoursSupervisorInt,CoursSupervisorExt,CoursYear,CoursArea,CoursSection,CoursGenRept,CoursAreaRept,CoursLocation,CoursStatus from Courses where CoursId=? - </message>
</incident>
<incident>
<timestamp>20-11-2024 12:56:25</timestamp>
<incidentId>030105120241120125625</incidentId>
<message>select CoursCrsId,CoursType,CoursBulletin,CoursFromPln,CouursToPln,CoursFromAct,CoursToAct,CoursSupervisorInt,CoursSupervisorExt,CoursYear,CoursArea,CoursSection,CoursGenRept,CoursAreaRept,CoursLocation,CoursStatus from Courses where CoursId=? - </message>
</incident>
<incident>
<timestamp>20-11-2024 12:57:02</timestamp>
<incidentId>030105120241120125702</incidentId>
<message>select CoursCrsId,CoursType,CoursBulletin,CoursFromPln,CouursToPln,CoursFromAct,CoursToAct,CoursSupervisorInt,CoursSupervisorExt,CoursYear,CoursArea,CoursSection,CoursGenRept,CoursAreaRept,CoursLocation,CoursStatus from Courses where CoursId=? - </message>
</incident>
<incident>
<timestamp>21-11-2024 09:27:56</timestamp>
<incidentId>0301052920241121092756</incidentId>
<message>select CoursCrsId,CoursType,CoursBulletin,CoursFromPln,CouursToPln,CoursFromAct,CoursToAct,CoursSupervisorInt,CoursSupervisorExt,CoursYear,CoursArea,CoursSection,CoursGenRept,CoursAreaRept,CoursLocation,CoursStatus from Courses where CoursId=? - </message>
</incident>
<incident>
<timestamp>21-11-2024 10:14:41</timestamp>
<incidentId>0501034920241121101441</incidentId>
<message>INSERT INTO CourseLecHours(clhLecId,clhCrsId,clhHoursP,clhHoursT,clhNights,clhratio,clhDistrictFrom,clhDistrictTo,clhDays,clhReturn,clhPeriod) VALUES (?,?,?,?,?,?,?,?,?,?,?) - Duplicate entry '256-1484-0' for key 'PRIMARY'</message>
</incident>
<incident>
<timestamp>21-11-2024 12:27:19</timestamp>
<incidentId>0301053620241121122719</incidentId>
<message>select CoursCrsId,CoursType,CoursBulletin,CoursFromPln,CouursToPln,CoursFromAct,CoursToAct,CoursSupervisorInt,CoursSupervisorExt,CoursYear,CoursArea,CoursSection,CoursGenRept,CoursAreaRept,CoursLocation,CoursStatus from Courses where CoursId=? - </message>
</incident>
<incident>
<timestamp>01-12-2024 10:43:26</timestamp>
<incidentId>0301052520241201104326</incidentId>
<message>select CoursCrsId,CoursType,CoursBulletin,CoursFromPln,CouursToPln,CoursFromAct,CoursToAct,CoursSupervisorInt,CoursSupervisorExt,CoursYear,CoursArea,CoursSection,CoursGenRept,CoursAreaRept,CoursLocation,CoursStatus from Courses where CoursId=? - </message>
</incident>
<incident>
<timestamp>01-12-2024 10:48:17</timestamp>
<incidentId>0301052520241201104817</incidentId>
<message>select CoursCrsId,CoursType,CoursBulletin,CoursFromPln,CouursToPln,CoursFromAct,CoursToAct,CoursSupervisorInt,CoursSupervisorExt,CoursYear,CoursArea,CoursSection,CoursGenRept,CoursAreaRept,CoursLocation,CoursStatus from Courses where CoursId=? - </message>
</incident>
<incident>
<timestamp>01-12-2024 11:14:24</timestamp>
<incidentId>0301052520241201111424</incidentId>
<message>select CoursCrsId,CoursType,CoursBulletin,CoursFromPln,CouursToPln,CoursFromAct,CoursToAct,CoursSupervisorInt,CoursSupervisorExt,CoursYear,CoursArea,CoursSection,CoursGenRept,CoursAreaRept,CoursLocation,CoursStatus from Courses where CoursId=? - </message>
</incident>
<incident>
<timestamp>01-12-2024 11:15:29</timestamp>
<incidentId>0301052520241201111529</incidentId>
<message>select CoursCrsId,CoursType,CoursBulletin,CoursFromPln,CouursToPln,CoursFromAct,CoursToAct,CoursSupervisorInt,CoursSupervisorExt,CoursYear,CoursArea,CoursSection,CoursGenRept,CoursAreaRept,CoursLocation,CoursStatus from Courses where CoursId=? - </message>
</incident>
<incident>
<timestamp>01-12-2024 12:18:15</timestamp>
<incidentId>030105320241201121815</incidentId>
<message>select CoursCrsId,CoursType,CoursBulletin,CoursFromPln,CouursToPln,CoursFromAct,CoursToAct,CoursSupervisorInt,CoursSupervisorExt,CoursYear,CoursArea,CoursSection,CoursGenRept,CoursAreaRept,CoursLocation,CoursStatus from Courses where CoursId=? - </message>
</incident>
<incident>
<timestamp>01-12-2024 12:18:20</timestamp>
<incidentId>030105320241201121820</incidentId>
<message>select CoursCrsId,CoursType,CoursBulletin,CoursFromPln,CouursToPln,CoursFromAct,CoursToAct,CoursSupervisorInt,CoursSupervisorExt,CoursYear,CoursArea,CoursSection,CoursGenRept,CoursAreaRept,CoursLocation,CoursStatus from Courses where CoursId=? - </message>
</incident>
<incident>
<timestamp>01-12-2024 14:48:45</timestamp>
<incidentId>0301053920241201144845</incidentId>
<message>select CoursCrsId,CoursType,CoursBulletin,CoursFromPln,CouursToPln,CoursFromAct,CoursToAct,CoursSupervisorInt,CoursSupervisorExt,CoursYear,CoursArea,CoursSection,CoursGenRept,CoursAreaRept,CoursLocation,CoursStatus from Courses where CoursId=? - </message>
</incident>
<incident>
<timestamp>01-12-2024 14:49:07</timestamp>
<incidentId>0301053920241201144907</incidentId>
<message>select CoursCrsId,CoursType,CoursBulletin,CoursFromPln,CouursToPln,CoursFromAct,CoursToAct,CoursSupervisorInt,CoursSupervisorExt,CoursYear,CoursArea,CoursSection,CoursGenRept,CoursAreaRept,CoursLocation,CoursStatus from Courses where CoursId=? - </message>
</incident>
<incident>
<timestamp>03-12-2024 13:07:24</timestamp>
<incidentId>0301053620241203130724</incidentId>
<message>select CoursCrsId,CoursType,CoursBulletin,CoursFromPln,CouursToPln,CoursFromAct,CoursToAct,CoursSupervisorInt,CoursSupervisorExt,CoursYear,CoursArea,CoursSection,CoursGenRept,CoursAreaRept,CoursLocation,CoursStatus from Courses where CoursId=? - </message>
</incident>
<incident>
<timestamp>03-12-2024 13:07:54</timestamp>
<incidentId>0301053620241203130754</incidentId>
<message>select CoursCrsId,CoursType,CoursBulletin,CoursFromPln,CouursToPln,CoursFromAct,CoursToAct,CoursSupervisorInt,CoursSupervisorExt,CoursYear,CoursArea,CoursSection,CoursGenRept,CoursAreaRept,CoursLocation,CoursStatus from Courses where CoursId=? - </message>
</incident>
<incident>
<timestamp>03-12-2024 13:08:14</timestamp>
<incidentId>0301053620241203130814</incidentId>
<message>select CoursCrsId,CoursType,CoursBulletin,CoursFromPln,CouursToPln,CoursFromAct,CoursToAct,CoursSupervisorInt,CoursSupervisorExt,CoursYear,CoursArea,CoursSection,CoursGenRept,CoursAreaRept,CoursLocation,CoursStatus from Courses where CoursId=? - </message>
</incident>
<incident>
<timestamp>04-12-2024 09:26:53</timestamp>
<incidentId>0301052920241204092653</incidentId>
<message>select CoursCrsId,CoursType,CoursBulletin,CoursFromPln,CouursToPln,CoursFromAct,CoursToAct,CoursSupervisorInt,CoursSupervisorExt,CoursYear,CoursArea,CoursSection,CoursGenRept,CoursAreaRept,CoursLocation,CoursStatus from Courses where CoursId=? - </message>
</incident>
<incident>
<timestamp>04-12-2024 09:27:06</timestamp>
<incidentId>0301052920241204092706</incidentId>
<message>select CoursCrsId,CoursType,CoursBulletin,CoursFromPln,CouursToPln,CoursFromAct,CoursToAct,CoursSupervisorInt,CoursSupervisorExt,CoursYear,CoursArea,CoursSection,CoursGenRept,CoursAreaRept,CoursLocation,CoursStatus from Courses where CoursId=? - </message>
</incident>
<incident>
<timestamp>04-12-2024 11:04:20</timestamp>
<incidentId>040103120241204110420</incidentId>
<message>delete from Courses where CoursId=? - Cannot delete or update a parent row: a foreign key constraint fails (`pti`.`courseCompanies`, CONSTRAINT `courseCompanies_ibfk_2` FOREIGN KEY (`crscmpCourse`) REFERENCES `Courses` (`CoursId`))</message>
</incident>
<incident>
<timestamp>04-12-2024 11:42:24</timestamp>
<incidentId>0501034920241204114224</incidentId>
<message>INSERT INTO CourseLecHours(clhLecId,clhCrsId,clhHoursP,clhHoursT,clhNights,clhratio,clhDistrictFrom,clhDistrictTo,clhDays,clhReturn,clhPeriod) VALUES (?,?,?,?,?,?,?,?,?,?,?) - Duplicate entry '576-1226-506' for key 'PRIMARY'</message>
</incident>
<incident>
<timestamp>08-12-2024 09:48:13</timestamp>
<incidentId>0501034920241208094813</incidentId>
<message>INSERT INTO CourseLecHours(clhLecId,clhCrsId,clhHoursP,clhHoursT,clhNights,clhratio,clhDistrictFrom,clhDistrictTo,clhDays,clhReturn,clhPeriod) VALUES (?,?,?,?,?,?,?,?,?,?,?) - Duplicate entry '731-1477-525' for key 'PRIMARY'</message>
</incident>
<incident>
<timestamp>09-12-2024 11:37:37</timestamp>
<incidentId>030105120241209113737</incidentId>
<message>select CoursCrsId,CoursType,CoursBulletin,CoursFromPln,CouursToPln,CoursFromAct,CoursToAct,CoursSupervisorInt,CoursSupervisorExt,CoursYear,CoursArea,CoursSection,CoursGenRept,CoursAreaRept,CoursLocation,CoursStatus from Courses where CoursId=? - </message>
</incident>
<incident>
<timestamp>09-12-2024 11:37:51</timestamp>
<incidentId>030105120241209113751</incidentId>
<message>select CoursCrsId,CoursType,CoursBulletin,CoursFromPln,CouursToPln,CoursFromAct,CoursToAct,CoursSupervisorInt,CoursSupervisorExt,CoursYear,CoursArea,CoursSection,CoursGenRept,CoursAreaRept,CoursLocation,CoursStatus from Courses where CoursId=? - </message>
</incident>
<incident>
<timestamp>11-12-2024 10:30:24</timestamp>
<incidentId>0301055220241211103024</incidentId>
<message>select CoursCrsId,CoursType,CoursBulletin,CoursFromPln,CouursToPln,CoursFromAct,CoursToAct,CoursSupervisorInt,CoursSupervisorExt,CoursYear,CoursArea,CoursSection,CoursGenRept,CoursAreaRept,CoursLocation,CoursStatus from Courses where CoursId=? - </message>
</incident>
<incident>
<timestamp>11-12-2024 10:31:11</timestamp>
<incidentId>0301055220241211103111</incidentId>
<message>select CoursCrsId,CoursType,CoursBulletin,CoursFromPln,CouursToPln,CoursFromAct,CoursToAct,CoursSupervisorInt,CoursSupervisorExt,CoursYear,CoursArea,CoursSection,CoursGenRept,CoursAreaRept,CoursLocation,CoursStatus from Courses where CoursId=? - </message>
</incident>
<incident>
<timestamp>11-12-2024 10:32:24</timestamp>
<incidentId>0301055220241211103224</incidentId>
<message>select CoursCrsId,CoursType,CoursBulletin,CoursFromPln,CouursToPln,CoursFromAct,CoursToAct,CoursSupervisorInt,CoursSupervisorExt,CoursYear,CoursArea,CoursSection,CoursGenRept,CoursAreaRept,CoursLocation,CoursStatus from Courses where CoursId=? - </message>
</incident>
<incident>
<timestamp>11-12-2024 10:33:08</timestamp>
<incidentId>0301055220241211103308</incidentId>
<message>select CoursCrsId,CoursType,CoursBulletin,CoursFromPln,CouursToPln,CoursFromAct,CoursToAct,CoursSupervisorInt,CoursSupervisorExt,CoursYear,CoursArea,CoursSection,CoursGenRept,CoursAreaRept,CoursLocation,CoursStatus from Courses where CoursId=? - </message>
</incident>
<incident>
<timestamp>12-12-2024 12:44:24</timestamp>
<incidentId>0301053420241212124424</incidentId>
<message>select CoursCrsId,CoursType,CoursBulletin,CoursFromPln,CouursToPln,CoursFromAct,CoursToAct,CoursSupervisorInt,CoursSupervisorExt,CoursYear,CoursArea,CoursSection,CoursGenRept,CoursAreaRept,CoursLocation,CoursStatus from Courses where CoursId=? - </message>
</incident>
<incident>
<timestamp>15-12-2024 13:47:26</timestamp>
<incidentId>0301053620241215134726</incidentId>
<message>select CoursCrsId,CoursType,CoursBulletin,CoursFromPln,CouursToPln,CoursFromAct,CoursToAct,CoursSupervisorInt,CoursSupervisorExt,CoursYear,CoursArea,CoursSection,CoursGenRept,CoursAreaRept,CoursLocation,CoursStatus from Courses where CoursId=? - </message>
</incident>
<incident>
<timestamp>15-12-2024 13:47:57</timestamp>
<incidentId>0301053620241215134757</incidentId>
<message>select CoursCrsId,CoursType,CoursBulletin,CoursFromPln,CouursToPln,CoursFromAct,CoursToAct,CoursSupervisorInt,CoursSupervisorExt,CoursYear,CoursArea,CoursSection,CoursGenRept,CoursAreaRept,CoursLocation,CoursStatus from Courses where CoursId=? - </message>
</incident>
<incident>
<timestamp>15-12-2024 13:48:14</timestamp>
<incidentId>0301053620241215134814</incidentId>
<message>select CoursCrsId,CoursType,CoursBulletin,CoursFromPln,CouursToPln,CoursFromAct,CoursToAct,CoursSupervisorInt,CoursSupervisorExt,CoursYear,CoursArea,CoursSection,CoursGenRept,CoursAreaRept,CoursLocation,CoursStatus from Courses where CoursId=? - </message>
</incident>
<incident>
<timestamp>29-12-2024 13:57:44</timestamp>
<incidentId>0301053020241229135744</incidentId>
<message>select CoursCrsId,CoursType,CoursBulletin,CoursFromPln,CouursToPln,CoursFromAct,CoursToAct,CoursSupervisorInt,CoursSupervisorExt,CoursYear,CoursArea,CoursSection,CoursGenRept,CoursAreaRept,CoursLocation,CoursStatus from Courses where CoursId=? - </message>
</incident>
<incident>
<timestamp>29-12-2024 14:29:59</timestamp>
<incidentId>0301053620241229142959</incidentId>
<message>select CoursCrsId,CoursType,CoursBulletin,CoursFromPln,CouursToPln,CoursFromAct,CoursToAct,CoursSupervisorInt,CoursSupervisorExt,CoursYear,CoursArea,CoursSection,CoursGenRept,CoursAreaRept,CoursLocation,CoursStatus from Courses where CoursId=? - </message>
</incident>
<incident>
<timestamp>29-12-2024 14:30:24</timestamp>
<incidentId>0301053620241229143024</incidentId>
<message>select CoursCrsId,CoursType,CoursBulletin,CoursFromPln,CouursToPln,CoursFromAct,CoursToAct,CoursSupervisorInt,CoursSupervisorExt,CoursYear,CoursArea,CoursSection,CoursGenRept,CoursAreaRept,CoursLocation,CoursStatus from Courses where CoursId=? - </message>
</incident>
<incident>
<timestamp>06-01-2025 14:06:31</timestamp>
<incidentId>0301052520250106140631</incidentId>
<message>select CoursCrsId,CoursType,CoursBulletin,CoursFromPln,CouursToPln,CoursFromAct,CoursToAct,CoursSupervisorInt,CoursSupervisorExt,CoursYear,CoursArea,CoursSection,CoursGenRept,CoursAreaRept,CoursLocation,CoursStatus from Courses where CoursId=? - </message>
</incident>
<incident>
<timestamp>08-01-2025 10:19:27</timestamp>
<incidentId>0501034920250108101927</incidentId>
<message>INSERT INTO CourseLecHours(clhLecId,clhCrsId,clhHoursP,clhHoursT,clhNights,clhratio,clhDistrictFrom,clhDistrictTo,clhDays,clhReturn,clhPeriod) VALUES (?,?,?,?,?,?,?,?,?,?,?) - Duplicate entry '708-1601-570' for key 'PRIMARY'</message>
</incident>
<incident>
<timestamp>08-01-2025 11:24:02</timestamp>
<incidentId>0301052520250108112402</incidentId>
<message>select CoursCrsId,CoursType,CoursBulletin,CoursFromPln,CouursToPln,CoursFromAct,CoursToAct,CoursSupervisorInt,CoursSupervisorExt,CoursYear,CoursArea,CoursSection,CoursGenRept,CoursAreaRept,CoursLocation,CoursStatus from Courses where CoursId=? - </message>
</incident>
<incident>
<timestamp>09-01-2025 10:23:06</timestamp>
<incidentId>0301052520250109102306</incidentId>
<message>select CoursCrsId,CoursType,CoursBulletin,CoursFromPln,CouursToPln,CoursFromAct,CoursToAct,CoursSupervisorInt,CoursSupervisorExt,CoursYear,CoursArea,CoursSection,CoursGenRept,CoursAreaRept,CoursLocation,CoursStatus from Courses where CoursId=? - </message>
</incident>
<incident>
<timestamp>12-01-2025 11:31:02</timestamp>
<incidentId>030105320250112113102</incidentId>
<message>select CoursCrsId,CoursType,CoursBulletin,CoursFromPln,CouursToPln,CoursFromAct,CoursToAct,CoursSupervisorInt,CoursSupervisorExt,CoursYear,CoursArea,CoursSection,CoursGenRept,CoursAreaRept,CoursLocation,CoursStatus from Courses where CoursId=? - </message>
</incident>
<incident>
<timestamp>12-01-2025 11:31:17</timestamp>
<incidentId>030105320250112113117</incidentId>
<message>select CoursCrsId,CoursType,CoursBulletin,CoursFromPln,CouursToPln,CoursFromAct,CoursToAct,CoursSupervisorInt,CoursSupervisorExt,CoursYear,CoursArea,CoursSection,CoursGenRept,CoursAreaRept,CoursLocation,CoursStatus from Courses where CoursId=? - </message>
</incident>
<incident>
<timestamp>13-01-2025 08:47:03</timestamp>
<incidentId>0501034920250113084703</incidentId>
<message>INSERT INTO CourseLecHours(clhLecId,clhCrsId,clhHoursP,clhHoursT,clhNights,clhratio,clhDistrictFrom,clhDistrictTo,clhDays,clhReturn,clhPeriod) VALUES (?,?,?,?,?,?,?,?,?,?,?) - Duplicate entry '278-1651-0' for key 'PRIMARY'</message>
</incident>
<incident>
<timestamp>13-01-2025 11:14:43</timestamp>
<incidentId>0301053620250113111443</incidentId>
<message>select CoursCrsId,CoursType,CoursBulletin,CoursFromPln,CouursToPln,CoursFromAct,CoursToAct,CoursSupervisorInt,CoursSupervisorExt,CoursYear,CoursArea,CoursSection,CoursGenRept,CoursAreaRept,CoursLocation,CoursStatus from Courses where CoursId=? - </message>
</incident>
<incident>
<timestamp>13-01-2025 11:15:09</timestamp>
<incidentId>0301053620250113111509</incidentId>
<message>select CoursCrsId,CoursType,CoursBulletin,CoursFromPln,CouursToPln,CoursFromAct,CoursToAct,CoursSupervisorInt,CoursSupervisorExt,CoursYear,CoursArea,CoursSection,CoursGenRept,CoursAreaRept,CoursLocation,CoursStatus from Courses where CoursId=? - </message>
</incident>
<incident>
<timestamp>13-01-2025 11:15:24</timestamp>
<incidentId>0301053620250113111524</incidentId>
<message>select CoursCrsId,CoursType,CoursBulletin,CoursFromPln,CouursToPln,CoursFromAct,CoursToAct,CoursSupervisorInt,CoursSupervisorExt,CoursYear,CoursArea,CoursSection,CoursGenRept,CoursAreaRept,CoursLocation,CoursStatus from Courses where CoursId=? - </message>
</incident>
<incident>
<timestamp>27-01-2025 12:11:41</timestamp>
<incidentId>0301055520250127121141</incidentId>
<message>select CoursCrsId,CoursType,CoursBulletin,CoursFromPln,CouursToPln,CoursFromAct,CoursToAct,CoursSupervisorInt,CoursSupervisorExt,CoursYear,CoursArea,CoursSection,CoursGenRept,CoursAreaRept,CoursLocation,CoursStatus from Courses where CoursId=? - </message>
</incident>
<incident>
<timestamp>27-01-2025 12:12:29</timestamp>
<incidentId>0301055520250127121229</incidentId>
<message>select CoursCrsId,CoursType,CoursBulletin,CoursFromPln,CouursToPln,CoursFromAct,CoursToAct,CoursSupervisorInt,CoursSupervisorExt,CoursYear,CoursArea,CoursSection,CoursGenRept,CoursAreaRept,CoursLocation,CoursStatus from Courses where CoursId=? - </message>
</incident>
<incident>
<timestamp>27-01-2025 12:14:14</timestamp>
<incidentId>0301053620250127121414</incidentId>
<message>select CoursCrsId,CoursType,CoursBulletin,CoursFromPln,CouursToPln,CoursFromAct,CoursToAct,CoursSupervisorInt,CoursSupervisorExt,CoursYear,CoursArea,CoursSection,CoursGenRept,CoursAreaRept,CoursLocation,CoursStatus from Courses where CoursId=? - </message>
</incident>
<incident>
<timestamp>27-01-2025 12:14:30</timestamp>
<incidentId>0301053620250127121430</incidentId>
<message>select CoursCrsId,CoursType,CoursBulletin,CoursFromPln,CouursToPln,CoursFromAct,CoursToAct,CoursSupervisorInt,CoursSupervisorExt,CoursYear,CoursArea,CoursSection,CoursGenRept,CoursAreaRept,CoursLocation,CoursStatus from Courses where CoursId=? - </message>
</incident>
<incident>
<timestamp>27-01-2025 12:15:31</timestamp>
<incidentId>0301053620250127121531</incidentId>
<message>select CoursCrsId,CoursType,CoursBulletin,CoursFromPln,CouursToPln,CoursFromAct,CoursToAct,CoursSupervisorInt,CoursSupervisorExt,CoursYear,CoursArea,CoursSection,CoursGenRept,CoursAreaRept,CoursLocation,CoursStatus from Courses where CoursId=? - </message>
</incident>
<incident>
<timestamp>27-01-2025 12:15:42</timestamp>
<incidentId>0301053620250127121542</incidentId>
<message>select CoursCrsId,CoursType,CoursBulletin,CoursFromPln,CouursToPln,CoursFromAct,CoursToAct,CoursSupervisorInt,CoursSupervisorExt,CoursYear,CoursArea,CoursSection,CoursGenRept,CoursAreaRept,CoursLocation,CoursStatus from Courses where CoursId=? - </message>
</incident>
<incident>
<timestamp>27-01-2025 12:15:56</timestamp>
<incidentId>0301053620250127121556</incidentId>
<message>select CoursCrsId,CoursType,CoursBulletin,CoursFromPln,CouursToPln,CoursFromAct,CoursToAct,CoursSupervisorInt,CoursSupervisorExt,CoursYear,CoursArea,CoursSection,CoursGenRept,CoursAreaRept,CoursLocation,CoursStatus from Courses where CoursId=? - </message>
</incident>
<incident>
<timestamp>28-01-2025 11:42:47</timestamp>
<incidentId>0301055520250128114247</incidentId>
<message>select CoursCrsId,CoursType,CoursBulletin,CoursFromPln,CouursToPln,CoursFromAct,CoursToAct,CoursSupervisorInt,CoursSupervisorExt,CoursYear,CoursArea,CoursSection,CoursGenRept,CoursAreaRept,CoursLocation,CoursStatus from Courses where CoursId=? - </message>
</incident>
<incident>
<timestamp>10-02-2025 13:20:54</timestamp>
<incidentId>0501034920250210132054</incidentId>
<message>INSERT INTO CourseLecHours(clhLecId,clhCrsId,clhHoursP,clhHoursT,clhNights,clhratio,clhDistrictFrom,clhDistrictTo,clhDays,clhReturn,clhPeriod) VALUES (?,?,?,?,?,?,?,?,?,?,?) - Duplicate entry '239-1589-608' for key 'PRIMARY'</message>
</incident>
<incident>
<timestamp>10-02-2025 13:23:19</timestamp>
<incidentId>0501034920250210132319</incidentId>
<message>INSERT INTO CourseLecHours(clhLecId,clhCrsId,clhHoursP,clhHoursT,clhNights,clhratio,clhDistrictFrom,clhDistrictTo,clhDays,clhReturn,clhPeriod) VALUES (?,?,?,?,?,?,?,?,?,?,?) - Duplicate entry '239-1589-608' for key 'PRIMARY'</message>
</incident>
<incident>
<timestamp>04-03-2025 11:06:34</timestamp>
<incidentId>040103120250304110634</incidentId>
<message>delete from Courses where CoursId=? - Cannot delete or update a parent row: a foreign key constraint fails (`pti`.`courseCompanies`, CONSTRAINT `courseCompanies_ibfk_2` FOREIGN KEY (`crscmpCourse`) REFERENCES `Courses` (`CoursId`))</message>
</incident>
<incident>
<timestamp>04-03-2025 11:06:57</timestamp>
<incidentId>040103120250304110657</incidentId>
<message>delete from Courses where CoursId=? - Cannot delete or update a parent row: a foreign key constraint fails (`pti`.`courseCompanies`, CONSTRAINT `courseCompanies_ibfk_2` FOREIGN KEY (`crscmpCourse`) REFERENCES `Courses` (`CoursId`))</message>
</incident>
<incident>
<timestamp>12-03-2025 12:36:53</timestamp>
<incidentId>030105120250312123653</incidentId>
<message>select CoursCrsId,CoursType,CoursBulletin,CoursFromPln,CouursToPln,CoursFromAct,CoursToAct,CoursSupervisorInt,CoursSupervisorExt,CoursYear,CoursArea,CoursSection,CoursGenRept,CoursAreaRept,CoursLocation,CoursStatus from Courses where CoursId=? - </message>
</incident>
<incident>
<timestamp>12-03-2025 12:38:26</timestamp>
<incidentId>0301052520250312123826</incidentId>
<message>select CoursCrsId,CoursType,CoursBulletin,CoursFromPln,CouursToPln,CoursFromAct,CoursToAct,CoursSupervisorInt,CoursSupervisorExt,CoursYear,CoursArea,CoursSection,CoursGenRept,CoursAreaRept,CoursLocation,CoursStatus from Courses where CoursId=? - </message>
</incident>
<incident>
<timestamp>12-03-2025 12:42:17</timestamp>
<incidentId>0301052520250312124217</incidentId>
<message>select CoursCrsId,CoursType,CoursBulletin,CoursFromPln,CouursToPln,CoursFromAct,CoursToAct,CoursSupervisorInt,CoursSupervisorExt,CoursYear,CoursArea,CoursSection,CoursGenRept,CoursAreaRept,CoursLocation,CoursStatus from Courses where CoursId=? - </message>
</incident>
<incident>
<timestamp>12-03-2025 12:42:45</timestamp>
<incidentId>0301052520250312124245</incidentId>
<message>select CoursCrsId,CoursType,CoursBulletin,CoursFromPln,CouursToPln,CoursFromAct,CoursToAct,CoursSupervisorInt,CoursSupervisorExt,CoursYear,CoursArea,CoursSection,CoursGenRept,CoursAreaRept,CoursLocation,CoursStatus from Courses where CoursId=? - </message>
</incident>
<incident>
<timestamp>13-03-2025 09:05:46</timestamp>
<incidentId>030105320250313090546</incidentId>
<message>select CoursCrsId,CoursType,CoursBulletin,CoursFromPln,CouursToPln,CoursFromAct,CoursToAct,CoursSupervisorInt,CoursSupervisorExt,CoursYear,CoursArea,CoursSection,CoursGenRept,CoursAreaRept,CoursLocation,CoursStatus from Courses where CoursId=? - </message>
</incident>
<incident>
<timestamp>13-03-2025 10:03:10</timestamp>
<incidentId>030105320250313100310</incidentId>
<message>select CoursCrsId,CoursType,CoursBulletin,CoursFromPln,CouursToPln,CoursFromAct,CoursToAct,CoursSupervisorInt,CoursSupervisorExt,CoursYear,CoursArea,CoursSection,CoursGenRept,CoursAreaRept,CoursLocation,CoursStatus from Courses where CoursId=? - </message>
</incident>
<incident>
<timestamp>13-03-2025 10:03:16</timestamp>
<incidentId>030105320250313100316</incidentId>
<message>select CoursCrsId,CoursType,CoursBulletin,CoursFromPln,CouursToPln,CoursFromAct,CoursToAct,CoursSupervisorInt,CoursSupervisorExt,CoursYear,CoursArea,CoursSection,CoursGenRept,CoursAreaRept,CoursLocation,CoursStatus from Courses where CoursId=? - </message>
</incident>
<incident>
<timestamp>09-04-2025 14:37:42</timestamp>
<incidentId>0301054920250409143742</incidentId>
<message>select CoursCrsId,CoursType,CoursBulletin,CoursFromPln,CouursToPln,CoursFromAct,CoursToAct,CoursSupervisorInt,CoursSupervisorExt,CoursYear,CoursArea,CoursSection,CoursGenRept,CoursAreaRept,CoursLocation,CoursStatus from Courses where CoursId=? - </message>
</incident>
<incident>
<timestamp>09-04-2025 14:37:57</timestamp>
<incidentId>0301054920250409143757</incidentId>
<message>select CoursCrsId,CoursType,CoursBulletin,CoursFromPln,CouursToPln,CoursFromAct,CoursToAct,CoursSupervisorInt,CoursSupervisorExt,CoursYear,CoursArea,CoursSection,CoursGenRept,CoursAreaRept,CoursLocation,CoursStatus from Courses where CoursId=? - </message>
</incident>
<incident>
<timestamp>14-04-2025 12:01:49</timestamp>
<incidentId>030105120250414120149</incidentId>
<message>select CoursCrsId,CoursType,CoursBulletin,CoursFromPln,CouursToPln,CoursFromAct,CoursToAct,CoursSupervisorInt,CoursSupervisorExt,CoursYear,CoursArea,CoursSection,CoursGenRept,CoursAreaRept,CoursLocation,CoursStatus from Courses where CoursId=? - </message>
</incident>
<incident>
<timestamp>14-04-2025 14:09:30</timestamp>
<incidentId>0301052520250414140930</incidentId>
<message>select CoursCrsId,CoursType,CoursBulletin,CoursFromPln,CouursToPln,CoursFromAct,CoursToAct,CoursSupervisorInt,CoursSupervisorExt,CoursYear,CoursArea,CoursSection,CoursGenRept,CoursAreaRept,CoursLocation,CoursStatus from Courses where CoursId=? - </message>
</incident>
<incident>
<timestamp>14-04-2025 14:11:32</timestamp>
<incidentId>0301052520250414141132</incidentId>
<message>select CoursCrsId,CoursType,CoursBulletin,CoursFromPln,CouursToPln,CoursFromAct,CoursToAct,CoursSupervisorInt,CoursSupervisorExt,CoursYear,CoursArea,CoursSection,CoursGenRept,CoursAreaRept,CoursLocation,CoursStatus from Courses where CoursId=? - </message>
</incident>
<incident>
<timestamp>15-04-2025 10:15:15</timestamp>
<incidentId>030105320250415101515</incidentId>
<message>select CoursCrsId,CoursType,CoursBulletin,CoursFromPln,CouursToPln,CoursFromAct,CoursToAct,CoursSupervisorInt,CoursSupervisorExt,CoursYear,CoursArea,CoursSection,CoursGenRept,CoursAreaRept,CoursLocation,CoursStatus from Courses where CoursId=? - </message>
</incident>
<incident>
<timestamp>15-04-2025 10:15:24</timestamp>
<incidentId>030105320250415101524</incidentId>
<message>select CoursCrsId,CoursType,CoursBulletin,CoursFromPln,CouursToPln,CoursFromAct,CoursToAct,CoursSupervisorInt,CoursSupervisorExt,CoursYear,CoursArea,CoursSection,CoursGenRept,CoursAreaRept,CoursLocation,CoursStatus from Courses where CoursId=? - </message>
</incident>
<incident>
<timestamp>15-04-2025 11:28:56</timestamp>
<incidentId>0301053620250415112856</incidentId>
<message>select CoursCrsId,CoursType,CoursBulletin,CoursFromPln,CouursToPln,CoursFromAct,CoursToAct,CoursSupervisorInt,CoursSupervisorExt,CoursYear,CoursArea,CoursSection,CoursGenRept,CoursAreaRept,CoursLocation,CoursStatus from Courses where CoursId=? - </message>
</incident>
<incident>
<timestamp>15-04-2025 11:29:26</timestamp>
<incidentId>0301053620250415112926</incidentId>
<message>select CoursCrsId,CoursType,CoursBulletin,CoursFromPln,CouursToPln,CoursFromAct,CoursToAct,CoursSupervisorInt,CoursSupervisorExt,CoursYear,CoursArea,CoursSection,CoursGenRept,CoursAreaRept,CoursLocation,CoursStatus from Courses where CoursId=? - </message>
</incident>
<incident>
<timestamp>15-04-2025 11:29:45</timestamp>
<incidentId>0301053620250415112945</incidentId>
<message>select CoursCrsId,CoursType,CoursBulletin,CoursFromPln,CouursToPln,CoursFromAct,CoursToAct,CoursSupervisorInt,CoursSupervisorExt,CoursYear,CoursArea,CoursSection,CoursGenRept,CoursAreaRept,CoursLocation,CoursStatus from Courses where CoursId=? - </message>
</incident>
<incident>
<timestamp>16-04-2025 10:05:18</timestamp>
<incidentId>0301052920250416100518</incidentId>
<message>select CoursCrsId,CoursType,CoursBulletin,CoursFromPln,CouursToPln,CoursFromAct,CoursToAct,CoursSupervisorInt,CoursSupervisorExt,CoursYear,CoursArea,CoursSection,CoursGenRept,CoursAreaRept,CoursLocation,CoursStatus from Courses where CoursId=? - </message>
</incident>
<incident>
<timestamp>16-04-2025 10:05:53</timestamp>
<incidentId>0301052920250416100553</incidentId>
<message>select CoursCrsId,CoursType,CoursBulletin,CoursFromPln,CouursToPln,CoursFromAct,CoursToAct,CoursSupervisorInt,CoursSupervisorExt,CoursYear,CoursArea,CoursSection,CoursGenRept,CoursAreaRept,CoursLocation,CoursStatus from Courses where CoursId=? - </message>
</incident>
<incident>
<timestamp>16-04-2025 12:41:34</timestamp>
<incidentId>0301052520250416124134</incidentId>
<message>select CoursCrsId,CoursType,CoursBulletin,CoursFromPln,CouursToPln,CoursFromAct,CoursToAct,CoursSupervisorInt,CoursSupervisorExt,CoursYear,CoursArea,CoursSection,CoursGenRept,CoursAreaRept,CoursLocation,CoursStatus from Courses where CoursId=? - </message>
</incident>
<incident>
<timestamp>16-04-2025 12:52:47</timestamp>
<incidentId>0301052520250416125247</incidentId>
<message>select CoursCrsId,CoursType,CoursBulletin,CoursFromPln,CouursToPln,CoursFromAct,CoursToAct,CoursSupervisorInt,CoursSupervisorExt,CoursYear,CoursArea,CoursSection,CoursGenRept,CoursAreaRept,CoursLocation,CoursStatus from Courses where CoursId=? - </message>
</incident>
<incident>
<timestamp>16-04-2025 13:00:45</timestamp>
<incidentId>0301052520250416130045</incidentId>
<message>select CoursCrsId,CoursType,CoursBulletin,CoursFromPln,CouursToPln,CoursFromAct,CoursToAct,CoursSupervisorInt,CoursSupervisorExt,CoursYear,CoursArea,CoursSection,CoursGenRept,CoursAreaRept,CoursLocation,CoursStatus from Courses where CoursId=? - </message>
</incident>
<incident>
<timestamp>17-04-2025 09:31:02</timestamp>
<incidentId>030105320250417093102</incidentId>
<message>select CoursCrsId,CoursType,CoursBulletin,CoursFromPln,CouursToPln,CoursFromAct,CoursToAct,CoursSupervisorInt,CoursSupervisorExt,CoursYear,CoursArea,CoursSection,CoursGenRept,CoursAreaRept,CoursLocation,CoursStatus from Courses where CoursId=? - </message>
</incident>
<incident>
<timestamp>17-04-2025 09:31:18</timestamp>
<incidentId>030105320250417093118</incidentId>
<message>select CoursCrsId,CoursType,CoursBulletin,CoursFromPln,CouursToPln,CoursFromAct,CoursToAct,CoursSupervisorInt,CoursSupervisorExt,CoursYear,CoursArea,CoursSection,CoursGenRept,CoursAreaRept,CoursLocation,CoursStatus from Courses where CoursId=? - </message>
</incident>
<incident>
<timestamp>22-04-2025 10:25:04</timestamp>
<incidentId>0301053620250422102504</incidentId>
<message>select CoursCrsId,CoursType,CoursBulletin,CoursFromPln,CouursToPln,CoursFromAct,CoursToAct,CoursSupervisorInt,CoursSupervisorExt,CoursYear,CoursArea,CoursSection,CoursGenRept,CoursAreaRept,CoursLocation,CoursStatus from Courses where CoursId=? - </message>
</incident>
<incident>
<timestamp>22-04-2025 10:26:00</timestamp>
<incidentId>0301053620250422102600</incidentId>
<message>select CoursCrsId,CoursType,CoursBulletin,CoursFromPln,CouursToPln,CoursFromAct,CoursToAct,CoursSupervisorInt,CoursSupervisorExt,CoursYear,CoursArea,CoursSection,CoursGenRept,CoursAreaRept,CoursLocation,CoursStatus from Courses where CoursId=? - </message>
</incident>
<incident>
<timestamp>28-04-2025 14:27:39</timestamp>
<incidentId>0301053920250428142739</incidentId>
<message>select CoursCrsId,CoursType,CoursBulletin,CoursFromPln,CouursToPln,CoursFromAct,CoursToAct,CoursSupervisorInt,CoursSupervisorExt,CoursYear,CoursArea,CoursSection,CoursGenRept,CoursAreaRept,CoursLocation,CoursStatus from Courses where CoursId=? - </message>
</incident>
<incident>
<timestamp>29-04-2025 12:02:49</timestamp>
<incidentId>0301055520250429120249</incidentId>
<message>select CoursCrsId,CoursType,CoursBulletin,CoursFromPln,CouursToPln,CoursFromAct,CoursToAct,CoursSupervisorInt,CoursSupervisorExt,CoursYear,CoursArea,CoursSection,CoursGenRept,CoursAreaRept,CoursLocation,CoursStatus from Courses where CoursId=? - </message>
</incident>
<incident>
<timestamp>29-04-2025 12:03:35</timestamp>
<incidentId>0301055520250429120335</incidentId>
<message>select CoursCrsId,CoursType,CoursBulletin,CoursFromPln,CouursToPln,CoursFromAct,CoursToAct,CoursSupervisorInt,CoursSupervisorExt,CoursYear,CoursArea,CoursSection,CoursGenRept,CoursAreaRept,CoursLocation,CoursStatus from Courses where CoursId=? - </message>
</incident>
<incident>
<timestamp>29-04-2025 12:04:13</timestamp>
<incidentId>0301055520250429120413</incidentId>
<message>select CoursCrsId,CoursType,CoursBulletin,CoursFromPln,CouursToPln,CoursFromAct,CoursToAct,CoursSupervisorInt,CoursSupervisorExt,CoursYear,CoursArea,CoursSection,CoursGenRept,CoursAreaRept,CoursLocation,CoursStatus from Courses where CoursId=? - </message>
</incident>
<incident>
<timestamp>29-04-2025 12:04:30</timestamp>
<incidentId>0301055520250429120430</incidentId>
<message>select CoursCrsId,CoursType,CoursBulletin,CoursFromPln,CouursToPln,CoursFromAct,CoursToAct,CoursSupervisorInt,CoursSupervisorExt,CoursYear,CoursArea,CoursSection,CoursGenRept,CoursAreaRept,CoursLocation,CoursStatus from Courses where CoursId=? - </message>
</incident>
<incident>
<timestamp>06-05-2025 11:46:28</timestamp>
<incidentId>0301053620250506114628</incidentId>
<message>select CoursCrsId,CoursType,CoursBulletin,CoursFromPln,CouursToPln,CoursFromAct,CoursToAct,CoursSupervisorInt,CoursSupervisorExt,CoursYear,CoursArea,CoursSection,CoursGenRept,CoursAreaRept,CoursLocation,CoursStatus from Courses where CoursId=? - </message>
</incident>
<incident>
<timestamp>06-05-2025 11:46:59</timestamp>
<incidentId>0301053620250506114659</incidentId>
<message>select CoursCrsId,CoursType,CoursBulletin,CoursFromPln,CouursToPln,CoursFromAct,CoursToAct,CoursSupervisorInt,CoursSupervisorExt,CoursYear,CoursArea,CoursSection,CoursGenRept,CoursAreaRept,CoursLocation,CoursStatus from Courses where CoursId=? - </message>
</incident>
<incident>
<timestamp>06-05-2025 11:48:00</timestamp>
<incidentId>0301053620250506114800</incidentId>
<message>select CoursCrsId,CoursType,CoursBulletin,CoursFromPln,CouursToPln,CoursFromAct,CoursToAct,CoursSupervisorInt,CoursSupervisorExt,CoursYear,CoursArea,CoursSection,CoursGenRept,CoursAreaRept,CoursLocation,CoursStatus from Courses where CoursId=? - </message>
</incident>
<incident>
<timestamp>06-05-2025 11:48:17</timestamp>
<incidentId>0301053620250506114817</incidentId>
<message>select CoursCrsId,CoursType,CoursBulletin,CoursFromPln,CouursToPln,CoursFromAct,CoursToAct,CoursSupervisorInt,CoursSupervisorExt,CoursYear,CoursArea,CoursSection,CoursGenRept,CoursAreaRept,CoursLocation,CoursStatus from Courses where CoursId=? - </message>
</incident>
<incident>
<timestamp>06-05-2025 11:57:36</timestamp>
<incidentId>0301053620250506115736</incidentId>
<message>select CoursCrsId,CoursType,CoursBulletin,CoursFromPln,CouursToPln,CoursFromAct,CoursToAct,CoursSupervisorInt,CoursSupervisorExt,CoursYear,CoursArea,CoursSection,CoursGenRept,CoursAreaRept,CoursLocation,CoursStatus from Courses where CoursId=? - </message>
</incident>
<incident>
<timestamp>14-05-2025 09:11:22</timestamp>
<incidentId>0301052920250514091122</incidentId>
<message>select CoursCrsId,CoursType,CoursBulletin,CoursFromPln,CouursToPln,CoursFromAct,CoursToAct,CoursSupervisorInt,CoursSupervisorExt,CoursYear,CoursArea,CoursSection,CoursGenRept,CoursAreaRept,CoursLocation,CoursStatus from Courses where CoursId=? - </message>
</incident>
<incident>
<timestamp>01-06-2025 14:33:20</timestamp>
<incidentId>0301052520250601143320</incidentId>
<message>select CoursCrsId,CoursType,CoursBulletin,CoursFromPln,CouursToPln,CoursFromAct,CoursToAct,CoursSupervisorInt,CoursSupervisorExt,CoursYear,CoursArea,CoursSection,CoursGenRept,CoursAreaRept,CoursLocation,CoursStatus from Courses where CoursId=? - </message>
</incident>
<incident>
<timestamp>01-06-2025 14:37:25</timestamp>
<incidentId>0301052520250601143725</incidentId>
<message>select CoursCrsId,CoursType,CoursBulletin,CoursFromPln,CouursToPln,CoursFromAct,CoursToAct,CoursSupervisorInt,CoursSupervisorExt,CoursYear,CoursArea,CoursSection,CoursGenRept,CoursAreaRept,CoursLocation,CoursStatus from Courses where CoursId=? - </message>
</incident>
<incident>
<timestamp>04-06-2025 09:14:07</timestamp>
<incidentId>0301052520250604091407</incidentId>
<message>select CoursCrsId,CoursType,CoursBulletin,CoursFromPln,CouursToPln,CoursFromAct,CoursToAct,CoursSupervisorInt,CoursSupervisorExt,CoursYear,CoursArea,CoursSection,CoursGenRept,CoursAreaRept,CoursLocation,CoursStatus from Courses where CoursId=? - </message>
</incident>
<incident>
<timestamp>04-06-2025 09:16:57</timestamp>
<incidentId>0301052520250604091657</incidentId>
<message>select CoursCrsId,CoursType,CoursBulletin,CoursFromPln,CouursToPln,CoursFromAct,CoursToAct,CoursSupervisorInt,CoursSupervisorExt,CoursYear,CoursArea,CoursSection,CoursGenRept,CoursAreaRept,CoursLocation,CoursStatus from Courses where CoursId=? - </message>
</incident>
<incident>
<timestamp>04-06-2025 14:09:55</timestamp>
<incidentId>030105320250604140955</incidentId>
<message>select CoursCrsId,CoursType,CoursBulletin,CoursFromPln,CouursToPln,CoursFromAct,CoursToAct,CoursSupervisorInt,CoursSupervisorExt,CoursYear,CoursArea,CoursSection,CoursGenRept,CoursAreaRept,CoursLocation,CoursStatus from Courses where CoursId=? - </message>
</incident>
<incident>
<timestamp>04-06-2025 14:16:07</timestamp>
<incidentId>030105320250604141607</incidentId>
<message>select CoursCrsId,CoursType,CoursBulletin,CoursFromPln,CouursToPln,CoursFromAct,CoursToAct,CoursSupervisorInt,CoursSupervisorExt,CoursYear,CoursArea,CoursSection,CoursGenRept,CoursAreaRept,CoursLocation,CoursStatus from Courses where CoursId=? - </message>
</incident>
<incident>
<timestamp>04-06-2025 14:16:29</timestamp>
<incidentId>030105320250604141629</incidentId>
<message>select CoursCrsId,CoursType,CoursBulletin,CoursFromPln,CouursToPln,CoursFromAct,CoursToAct,CoursSupervisorInt,CoursSupervisorExt,CoursYear,CoursArea,CoursSection,CoursGenRept,CoursAreaRept,CoursLocation,CoursStatus from Courses where CoursId=? - </message>
</incident>
<incident>
<timestamp>15-06-2025 10:07:39</timestamp>
<incidentId>0301053620250615100739</incidentId>
<message>select CoursCrsId,CoursType,CoursBulletin,CoursFromPln,CouursToPln,CoursFromAct,CoursToAct,CoursSupervisorInt,CoursSupervisorExt,CoursYear,CoursArea,CoursSection,CoursGenRept,CoursAreaRept,CoursLocation,CoursStatus from Courses where CoursId=? - </message>
</incident>
<incident>
<timestamp>15-06-2025 10:08:01</timestamp>
<incidentId>0301053620250615100801</incidentId>
<message>select CoursCrsId,CoursType,CoursBulletin,CoursFromPln,CouursToPln,CoursFromAct,CoursToAct,CoursSupervisorInt,CoursSupervisorExt,CoursYear,CoursArea,CoursSection,CoursGenRept,CoursAreaRept,CoursLocation,CoursStatus from Courses where CoursId=? - </message>
</incident>
<incident>
<timestamp>18-06-2025 08:55:15</timestamp>
<incidentId>0501034920250618085515</incidentId>
<message>INSERT INTO CourseLecHours(clhLecId,clhCrsId,clhHoursP,clhHoursT,clhNights,clhratio,clhDistrictFrom,clhDistrictTo,clhDays,clhReturn,clhPeriod) VALUES (?,?,?,?,?,?,?,?,?,?,?) - Duplicate entry '733-2068-0' for key 'PRIMARY'</message>
</incident>
<incident>
<timestamp>18-06-2025 12:46:46</timestamp>
<incidentId>0301055520250618124646</incidentId>
<message>select CoursCrsId,CoursType,CoursBulletin,CoursFromPln,CouursToPln,CoursFromAct,CoursToAct,CoursSupervisorInt,CoursSupervisorExt,CoursYear,CoursArea,CoursSection,CoursGenRept,CoursAreaRept,CoursLocation,CoursStatus from Courses where CoursId=? - </message>
</incident>
<incident>
<timestamp>18-06-2025 12:47:26</timestamp>
<incidentId>0301055520250618124726</incidentId>
<message>select CoursCrsId,CoursType,CoursBulletin,CoursFromPln,CouursToPln,CoursFromAct,CoursToAct,CoursSupervisorInt,CoursSupervisorExt,CoursYear,CoursArea,CoursSection,CoursGenRept,CoursAreaRept,CoursLocation,CoursStatus from Courses where CoursId=? - </message>
</incident>
<incident>
<timestamp>18-06-2025 13:46:09</timestamp>
<incidentId>0301053920250618134609</incidentId>
<message>select CoursCrsId,CoursType,CoursBulletin,CoursFromPln,CouursToPln,CoursFromAct,CoursToAct,CoursSupervisorInt,CoursSupervisorExt,CoursYear,CoursArea,CoursSection,CoursGenRept,CoursAreaRept,CoursLocation,CoursStatus from Courses where CoursId=? - </message>
</incident>
<incident>
<timestamp>18-06-2025 13:46:22</timestamp>
<incidentId>0301053920250618134622</incidentId>
<message>select CoursCrsId,CoursType,CoursBulletin,CoursFromPln,CouursToPln,CoursFromAct,CoursToAct,CoursSupervisorInt,CoursSupervisorExt,CoursYear,CoursArea,CoursSection,CoursGenRept,CoursAreaRept,CoursLocation,CoursStatus from Courses where CoursId=? - </message>
</incident>
<incident>
<timestamp>13-08-2025 09:31:07</timestamp>
<incidentId>0301052520250813093107</incidentId>
<message>select CoursCrsId,CoursType,CoursBulletin,CoursFromPln,CouursToPln,CoursFromAct,CoursToAct,CoursSupervisorInt,CoursSupervisorExt,CoursYear,CoursArea,CoursSection,CoursGenRept,CoursAreaRept,CoursLocation,CoursStatus from Courses where CoursId=? - </message>
</incident>
<incident>
<timestamp>18-08-2025 10:57:05</timestamp>
<incidentId>0301052520250818105705</incidentId>
<message>select CoursCrsId,CoursType,CoursBulletin,CoursFromPln,CouursToPln,CoursFromAct,CoursToAct,CoursSupervisorInt,CoursSupervisorExt,CoursYear,CoursArea,CoursSection,CoursGenRept,CoursAreaRept,CoursLocation,CoursStatus from Courses where CoursId=? - </message>
</incident>
<incident>
<timestamp>18-08-2025 11:00:19</timestamp>
<incidentId>0301052520250818110019</incidentId>
<message>select CoursCrsId,CoursType,CoursBulletin,CoursFromPln,CouursToPln,CoursFromAct,CoursToAct,CoursSupervisorInt,CoursSupervisorExt,CoursYear,CoursArea,CoursSection,CoursGenRept,CoursAreaRept,CoursLocation,CoursStatus from Courses where CoursId=? - </message>
</incident>
<incident>
<timestamp>18-08-2025 12:07:26</timestamp>
<incidentId>030105320250818120726</incidentId>
<message>select CoursCrsId,CoursType,CoursBulletin,CoursFromPln,CouursToPln,CoursFromAct,CoursToAct,CoursSupervisorInt,CoursSupervisorExt,CoursYear,CoursArea,CoursSection,CoursGenRept,CoursAreaRept,CoursLocation,CoursStatus from Courses where CoursId=? - </message>
</incident>
<incident>
<timestamp>18-08-2025 12:07:31</timestamp>
<incidentId>030105320250818120731</incidentId>
<message>select CoursCrsId,CoursType,CoursBulletin,CoursFromPln,CouursToPln,CoursFromAct,CoursToAct,CoursSupervisorInt,CoursSupervisorExt,CoursYear,CoursArea,CoursSection,CoursGenRept,CoursAreaRept,CoursLocation,CoursStatus from Courses where CoursId=? - </message>
</incident>
<incident>
<timestamp>20-08-2025 12:08:40</timestamp>
<incidentId>0501032420250820120840</incidentId>
<message>INSERT INTO CourseLecHours(clhLecId,clhCrsId,clhHoursP,clhHoursT,clhNights,clhratio,clhDistrictFrom,clhDistrictTo,clhDays,clhReturn,clhPeriod) VALUES (?,?,?,?,?,?,?,?,?,?,?) - Duplicate entry '278-2123-872' for key 'PRIMARY'</message>
</incident>
<incident>
<timestamp>20-08-2025 12:08:50</timestamp>
<incidentId>0501032420250820120850</incidentId>
<message>INSERT INTO CourseLecHours(clhLecId,clhCrsId,clhHoursP,clhHoursT,clhNights,clhratio,clhDistrictFrom,clhDistrictTo,clhDays,clhReturn,clhPeriod) VALUES (?,?,?,?,?,?,?,?,?,?,?) - Duplicate entry '278-2123-872' for key 'PRIMARY'</message>
</incident>
<incident>
<timestamp>24-08-2025 09:30:36</timestamp>
<incidentId>0301053620250824093036</incidentId>
<message>select CoursCrsId,CoursType,CoursBulletin,CoursFromPln,CouursToPln,CoursFromAct,CoursToAct,CoursSupervisorInt,CoursSupervisorExt,CoursYear,CoursArea,CoursSection,CoursGenRept,CoursAreaRept,CoursLocation,CoursStatus from Courses where CoursId=? - </message>
</incident>
<incident>
<timestamp>24-08-2025 09:31:06</timestamp>
<incidentId>0301053620250824093106</incidentId>
<message>select CoursCrsId,CoursType,CoursBulletin,CoursFromPln,CouursToPln,CoursFromAct,CoursToAct,CoursSupervisorInt,CoursSupervisorExt,CoursYear,CoursArea,CoursSection,CoursGenRept,CoursAreaRept,CoursLocation,CoursStatus from Courses where CoursId=? - </message>
</incident>
<incident>
<timestamp>25-08-2025 12:26:39</timestamp>
<incidentId>0301053920250825122639</incidentId>
<message>select CoursCrsId,CoursType,CoursBulletin,CoursFromPln,CouursToPln,CoursFromAct,CoursToAct,CoursSupervisorInt,CoursSupervisorExt,CoursYear,CoursArea,CoursSection,CoursGenRept,CoursAreaRept,CoursLocation,CoursStatus from Courses where CoursId=? - </message>
</incident>
<incident>
<timestamp>25-08-2025 12:26:55</timestamp>
<incidentId>0301053920250825122655</incidentId>
<message>select CoursCrsId,CoursType,CoursBulletin,CoursFromPln,CouursToPln,CoursFromAct,CoursToAct,CoursSupervisorInt,CoursSupervisorExt,CoursYear,CoursArea,CoursSection,CoursGenRept,CoursAreaRept,CoursLocation,CoursStatus from Courses where CoursId=? - </message>
</incident>
<incident>
<timestamp>28-08-2025 10:23:12</timestamp>
<incidentId>0301055520250828102312</incidentId>
<message>select CoursCrsId,CoursType,CoursBulletin,CoursFromPln,CouursToPln,CoursFromAct,CoursToAct,CoursSupervisorInt,CoursSupervisorExt,CoursYear,CoursArea,CoursSection,CoursGenRept,CoursAreaRept,CoursLocation,CoursStatus from Courses where CoursId=? - </message>
</incident>
<incident>
<timestamp>28-08-2025 10:24:32</timestamp>
<incidentId>0301055520250828102432</incidentId>
<message>select CoursCrsId,CoursType,CoursBulletin,CoursFromPln,CouursToPln,CoursFromAct,CoursToAct,CoursSupervisorInt,CoursSupervisorExt,CoursYear,CoursArea,CoursSection,CoursGenRept,CoursAreaRept,CoursLocation,CoursStatus from Courses where CoursId=? - </message>
</incident>
<incident>
<timestamp>11-09-2025 09:31:08</timestamp>
<incidentId>0501032420250911093108</incidentId>
<message>INSERT INTO CourseLecHours(clhLecId,clhCrsId,clhHoursP,clhHoursT,clhNights,clhratio,clhDistrictFrom,clhDistrictTo,clhDays,clhReturn,clhPeriod) VALUES (?,?,?,?,?,?,?,?,?,?,?) - Duplicate entry '278-2123-903' for key 'PRIMARY'</message>
</incident>
<incident>
<timestamp>11-09-2025 09:45:41</timestamp>
<incidentId>0501032420250911094541</incidentId>
<message>INSERT INTO CourseLecHours(clhLecId,clhCrsId,clhHoursP,clhHoursT,clhNights,clhratio,clhDistrictFrom,clhDistrictTo,clhDays,clhReturn,clhPeriod) VALUES (?,?,?,?,?,?,?,?,?,?,?) - Duplicate entry '278-2124-907' for key 'PRIMARY'</message>
</incident>
<incident>
<timestamp>11-09-2025 12:21:33</timestamp>
<incidentId>0501032420250911122133</incidentId>
<message>INSERT INTO CourseLecHours(clhLecId,clhCrsId,clhHoursP,clhHoursT,clhNights,clhratio,clhDistrictFrom,clhDistrictTo,clhDays,clhReturn,clhPeriod) VALUES (?,?,?,?,?,?,?,?,?,?,?) - Duplicate entry '278-2293-929' for key 'PRIMARY'</message>
</incident>
<incident>
<timestamp>15-09-2025 10:39:37</timestamp>
<incidentId>0501032420250915103937</incidentId>
<message>INSERT INTO CourseLecHours(clhLecId,clhCrsId,clhHoursP,clhHoursT,clhNights,clhratio,clhDistrictFrom,clhDistrictTo,clhDays,clhReturn,clhPeriod) VALUES (?,?,?,?,?,?,?,?,?,?,?) - Duplicate entry '803-2317-934' for key 'PRIMARY'</message>
</incident>
<incident>
<timestamp>15-09-2025 12:20:23</timestamp>
<incidentId>0501032420250915122023</incidentId>
<message>INSERT INTO CourseLecHours(clhLecId,clhCrsId,clhHoursP,clhHoursT,clhNights,clhratio,clhDistrictFrom,clhDistrictTo,clhDays,clhReturn,clhPeriod) VALUES (?,?,?,?,?,?,?,?,?,?,?) - Duplicate entry '278-2324-939' for key 'PRIMARY'</message>
</incident>
<incident>
<timestamp>15-09-2025 12:20:29</timestamp>
<incidentId>0501032420250915122029</incidentId>
<message>INSERT INTO CourseLecHours(clhLecId,clhCrsId,clhHoursP,clhHoursT,clhNights,clhratio,clhDistrictFrom,clhDistrictTo,clhDays,clhReturn,clhPeriod) VALUES (?,?,?,?,?,?,?,?,?,?,?) - Duplicate entry '278-2324-939' for key 'PRIMARY'</message>
</incident>
<incident>
<timestamp>16-09-2025 13:17:34</timestamp>
<incidentId>0301052520250916131734</incidentId>
<message>select CoursCrsId,CoursType,CoursBulletin,CoursFromPln,CouursToPln,CoursFromAct,CoursToAct,CoursSupervisorInt,CoursSupervisorExt,CoursYear,CoursArea,CoursSection,CoursGenRept,CoursAreaRept,CoursLocation,CoursStatus from Courses where CoursId=? - </message>
</incident>
<incident>
<timestamp>16-09-2025 13:18:54</timestamp>
<incidentId>0301052520250916131854</incidentId>
<message>select CoursCrsId,CoursType,CoursBulletin,CoursFromPln,CouursToPln,CoursFromAct,CoursToAct,CoursSupervisorInt,CoursSupervisorExt,CoursYear,CoursArea,CoursSection,CoursGenRept,CoursAreaRept,CoursLocation,CoursStatus from Courses where CoursId=? - </message>
</incident>
<incident>
<timestamp>16-09-2025 13:24:44</timestamp>
<incidentId>0301052520250916132444</incidentId>
<message>select CoursCrsId,CoursType,CoursBulletin,CoursFromPln,CouursToPln,CoursFromAct,CoursToAct,CoursSupervisorInt,CoursSupervisorExt,CoursYear,CoursArea,CoursSection,CoursGenRept,CoursAreaRept,CoursLocation,CoursStatus from Courses where CoursId=? - </message>
</incident>
<incident>
<timestamp>16-09-2025 13:29:00</timestamp>
<incidentId>0301052520250916132900</incidentId>
<message>select CoursCrsId,CoursType,CoursBulletin,CoursFromPln,CouursToPln,CoursFromAct,CoursToAct,CoursSupervisorInt,CoursSupervisorExt,CoursYear,CoursArea,CoursSection,CoursGenRept,CoursAreaRept,CoursLocation,CoursStatus from Courses where CoursId=? - </message>
</incident>
<incident>
<timestamp>16-09-2025 13:32:14</timestamp>
<incidentId>0301052520250916133214</incidentId>
<message>select CoursCrsId,CoursType,CoursBulletin,CoursFromPln,CouursToPln,CoursFromAct,CoursToAct,CoursSupervisorInt,CoursSupervisorExt,CoursYear,CoursArea,CoursSection,CoursGenRept,CoursAreaRept,CoursLocation,CoursStatus from Courses where CoursId=? - </message>
</incident>
<incident>
<timestamp>16-09-2025 13:34:25</timestamp>
<incidentId>0301052520250916133425</incidentId>
<message>select CoursCrsId,CoursType,CoursBulletin,CoursFromPln,CouursToPln,CoursFromAct,CoursToAct,CoursSupervisorInt,CoursSupervisorExt,CoursYear,CoursArea,CoursSection,CoursGenRept,CoursAreaRept,CoursLocation,CoursStatus from Courses where CoursId=? - </message>
</incident>
<incident>
<timestamp>16-09-2025 13:34:54</timestamp>
<incidentId>0301052520250916133454</incidentId>
<message>select CoursCrsId,CoursType,CoursBulletin,CoursFromPln,CouursToPln,CoursFromAct,CoursToAct,CoursSupervisorInt,CoursSupervisorExt,CoursYear,CoursArea,CoursSection,CoursGenRept,CoursAreaRept,CoursLocation,CoursStatus from Courses where CoursId=? - </message>
</incident>
<incident>
<timestamp>23-09-2025 10:26:59</timestamp>
<incidentId>030105320250923102659</incidentId>
<message>select CoursCrsId,CoursType,CoursBulletin,CoursFromPln,CouursToPln,CoursFromAct,CoursToAct,CoursSupervisorInt,CoursSupervisorExt,CoursYear,CoursArea,CoursSection,CoursGenRept,CoursAreaRept,CoursLocation,CoursStatus from Courses where CoursId=? - </message>
</incident>
<incident>
<timestamp>23-09-2025 10:27:17</timestamp>
<incidentId>030105320250923102717</incidentId>
<message>select CoursCrsId,CoursType,CoursBulletin,CoursFromPln,CouursToPln,CoursFromAct,CoursToAct,CoursSupervisorInt,CoursSupervisorExt,CoursYear,CoursArea,CoursSection,CoursGenRept,CoursAreaRept,CoursLocation,CoursStatus from Courses where CoursId=? - </message>
</incident>
<incident>
<timestamp>23-09-2025 10:27:45</timestamp>
<incidentId>030105320250923102745</incidentId>
<message>select CoursCrsId,CoursType,CoursBulletin,CoursFromPln,CouursToPln,CoursFromAct,CoursToAct,CoursSupervisorInt,CoursSupervisorExt,CoursYear,CoursArea,CoursSection,CoursGenRept,CoursAreaRept,CoursLocation,CoursStatus from Courses where CoursId=? - </message>
</incident>
<incident>
<timestamp>23-09-2025 10:27:50</timestamp>
<incidentId>030105320250923102750</incidentId>
<message>select CoursCrsId,CoursType,CoursBulletin,CoursFromPln,CouursToPln,CoursFromAct,CoursToAct,CoursSupervisorInt,CoursSupervisorExt,CoursYear,CoursArea,CoursSection,CoursGenRept,CoursAreaRept,CoursLocation,CoursStatus from Courses where CoursId=? - </message>
</incident>
<incident>
<timestamp>23-09-2025 13:09:58</timestamp>
<incidentId>0301053620250923130958</incidentId>
<message>select CoursCrsId,CoursType,CoursBulletin,CoursFromPln,CouursToPln,CoursFromAct,CoursToAct,CoursSupervisorInt,CoursSupervisorExt,CoursYear,CoursArea,CoursSection,CoursGenRept,CoursAreaRept,CoursLocation,CoursStatus from Courses where CoursId=? - </message>
</incident>
<incident>
<timestamp>23-09-2025 13:10:12</timestamp>
<incidentId>0301053620250923131012</incidentId>
<message>select CoursCrsId,CoursType,CoursBulletin,CoursFromPln,CouursToPln,CoursFromAct,CoursToAct,CoursSupervisorInt,CoursSupervisorExt,CoursYear,CoursArea,CoursSection,CoursGenRept,CoursAreaRept,CoursLocation,CoursStatus from Courses where CoursId=? - </message>
</incident>
<incident>
<timestamp>23-09-2025 13:11:00</timestamp>
<incidentId>0301053620250923131100</incidentId>
<message>select CoursCrsId,CoursType,CoursBulletin,CoursFromPln,CouursToPln,CoursFromAct,CoursToAct,CoursSupervisorInt,CoursSupervisorExt,CoursYear,CoursArea,CoursSection,CoursGenRept,CoursAreaRept,CoursLocation,CoursStatus from Courses where CoursId=? - </message>
</incident>
<incident>
<timestamp>23-09-2025 13:11:09</timestamp>
<incidentId>0301053620250923131109</incidentId>
<message>select CoursCrsId,CoursType,CoursBulletin,CoursFromPln,CouursToPln,CoursFromAct,CoursToAct,CoursSupervisorInt,CoursSupervisorExt,CoursYear,CoursArea,CoursSection,CoursGenRept,CoursAreaRept,CoursLocation,CoursStatus from Courses where CoursId=? - </message>
</incident>
<incident>
<timestamp>24-09-2025 08:45:31</timestamp>
<incidentId>0301052920250924084531</incidentId>
<message>select CoursCrsId,CoursType,CoursBulletin,CoursFromPln,CouursToPln,CoursFromAct,CoursToAct,CoursSupervisorInt,CoursSupervisorExt,CoursYear,CoursArea,CoursSection,CoursGenRept,CoursAreaRept,CoursLocation,CoursStatus from Courses where CoursId=? - </message>
</incident>
<incident>
<timestamp>14-10-2025 09:39:31</timestamp>
<incidentId>0301055520251014093931</incidentId>
<message>select CoursCrsId,CoursType,CoursBulletin,CoursFromPln,CouursToPln,CoursFromAct,CoursToAct,CoursSupervisorInt,CoursSupervisorExt,CoursYear,CoursArea,CoursSection,CoursGenRept,CoursAreaRept,CoursLocation,CoursStatus from Courses where CoursId=? - </message>
</incident>
<incident>
<timestamp>14-10-2025 09:40:24</timestamp>
<incidentId>0301055520251014094024</incidentId>
<message>select CoursCrsId,CoursType,CoursBulletin,CoursFromPln,CouursToPln,CoursFromAct,CoursToAct,CoursSupervisorInt,CoursSupervisorExt,CoursYear,CoursArea,CoursSection,CoursGenRept,CoursAreaRept,CoursLocation,CoursStatus from Courses where CoursId=? - </message>
</incident>
<incident>
<timestamp>14-10-2025 09:41:11</timestamp>
<incidentId>0301055520251014094111</incidentId>
<message>select CoursCrsId,CoursType,CoursBulletin,CoursFromPln,CouursToPln,CoursFromAct,CoursToAct,CoursSupervisorInt,CoursSupervisorExt,CoursYear,CoursArea,CoursSection,CoursGenRept,CoursAreaRept,CoursLocation,CoursStatus from Courses where CoursId=? - </message>
</incident>
<incident>
<timestamp>14-10-2025 09:41:30</timestamp>
<incidentId>0301055520251014094130</incidentId>
<message>select CoursCrsId,CoursType,CoursBulletin,CoursFromPln,CouursToPln,CoursFromAct,CoursToAct,CoursSupervisorInt,CoursSupervisorExt,CoursYear,CoursArea,CoursSection,CoursGenRept,CoursAreaRept,CoursLocation,CoursStatus from Courses where CoursId=? - </message>
</incident>
<incident>
<timestamp>14-10-2025 10:42:24</timestamp>
<incidentId>0301052520251014104224</incidentId>
<message>select CoursCrsId,CoursType,CoursBulletin,CoursFromPln,CouursToPln,CoursFromAct,CoursToAct,CoursSupervisorInt,CoursSupervisorExt,CoursYear,CoursArea,CoursSection,CoursGenRept,CoursAreaRept,CoursLocation,CoursStatus from Courses where CoursId=? - </message>
</incident>
<incident>
<timestamp>14-10-2025 11:19:24</timestamp>
<incidentId>0301052520251014111924</incidentId>
<message>select CoursCrsId,CoursType,CoursBulletin,CoursFromPln,CouursToPln,CoursFromAct,CoursToAct,CoursSupervisorInt,CoursSupervisorExt,CoursYear,CoursArea,CoursSection,CoursGenRept,CoursAreaRept,CoursLocation,CoursStatus from Courses where CoursId=? - </message>
</incident>
<incident>
<timestamp>14-10-2025 11:27:57</timestamp>
<incidentId>0301052520251014112757</incidentId>
<message>select CoursCrsId,CoursType,CoursBulletin,CoursFromPln,CouursToPln,CoursFromAct,CoursToAct,CoursSupervisorInt,CoursSupervisorExt,CoursYear,CoursArea,CoursSection,CoursGenRept,CoursAreaRept,CoursLocation,CoursStatus from Courses where CoursId=? - </message>
</incident>
<incident>
<timestamp>14-10-2025 11:30:54</timestamp>
<incidentId>0301052520251014113054</incidentId>
<message>select CoursCrsId,CoursType,CoursBulletin,CoursFromPln,CouursToPln,CoursFromAct,CoursToAct,CoursSupervisorInt,CoursSupervisorExt,CoursYear,CoursArea,CoursSection,CoursGenRept,CoursAreaRept,CoursLocation,CoursStatus from Courses where CoursId=? - </message>
</incident>
<incident>
<timestamp>15-10-2025 09:00:04</timestamp>
<incidentId>0301053620251015090004</incidentId>
<message>select CoursCrsId,CoursType,CoursBulletin,CoursFromPln,CouursToPln,CoursFromAct,CoursToAct,CoursSupervisorInt,CoursSupervisorExt,CoursYear,CoursArea,CoursSection,CoursGenRept,CoursAreaRept,CoursLocation,CoursStatus from Courses where CoursId=? - </message>
</incident>
<incident>
<timestamp>15-10-2025 09:00:15</timestamp>
<incidentId>0301053620251015090015</incidentId>
<message>select CoursCrsId,CoursType,CoursBulletin,CoursFromPln,CouursToPln,CoursFromAct,CoursToAct,CoursSupervisorInt,CoursSupervisorExt,CoursYear,CoursArea,CoursSection,CoursGenRept,CoursAreaRept,CoursLocation,CoursStatus from Courses where CoursId=? - </message>
</incident>
<incident>
<timestamp>16-10-2025 09:19:19</timestamp>
<incidentId>040103120251016091919</incidentId>
<message>delete from Courses where CoursId=? - Cannot delete or update a parent row: a foreign key constraint fails (`pti`.`courseCompanies`, CONSTRAINT `courseCompanies_ibfk_2` FOREIGN KEY (`crscmpCourse`) REFERENCES `Courses` (`CoursId`))</message>
</incident>
<incident>
<timestamp>06-11-2025 09:54:01</timestamp>
<incidentId>0301052420251106095401</incidentId>
<message>select CoursCrsId,CoursType,CoursBulletin,CoursFromPln,CouursToPln,CoursFromAct,CoursToAct,CoursSupervisorInt,CoursSupervisorExt,CoursYear,CoursArea,CoursSection,CoursGenRept,CoursAreaRept,CoursLocation,CoursStatus from Courses where CoursId=? - </message>
</incident>
<incident>
<timestamp>06-11-2025 09:54:11</timestamp>
<incidentId>0301052420251106095411</incidentId>
<message>select CoursCrsId,CoursType,CoursBulletin,CoursFromPln,CouursToPln,CoursFromAct,CoursToAct,CoursSupervisorInt,CoursSupervisorExt,CoursYear,CoursArea,CoursSection,CoursGenRept,CoursAreaRept,CoursLocation,CoursStatus from Courses where CoursId=? - </message>
</incident>
<incident>
<timestamp>06-11-2025 12:58:23</timestamp>
<incidentId>0301052520251106125823</incidentId>
<message>select CoursCrsId,CoursType,CoursBulletin,CoursFromPln,CouursToPln,CoursFromAct,CoursToAct,CoursSupervisorInt,CoursSupervisorExt,CoursYear,CoursArea,CoursSection,CoursGenRept,CoursAreaRept,CoursLocation,CoursStatus from Courses where CoursId=? - </message>
</incident>
<incident>
<timestamp>06-11-2025 13:00:10</timestamp>
<incidentId>0301052520251106130010</incidentId>
<message>select CoursCrsId,CoursType,CoursBulletin,CoursFromPln,CouursToPln,CoursFromAct,CoursToAct,CoursSupervisorInt,CoursSupervisorExt,CoursYear,CoursArea,CoursSection,CoursGenRept,CoursAreaRept,CoursLocation,CoursStatus from Courses where CoursId=? - </message>
</incident>
<incident>
<timestamp>06-11-2025 13:01:06</timestamp>
<incidentId>0301052520251106130106</incidentId>
<message>select CoursCrsId,CoursType,CoursBulletin,CoursFromPln,CouursToPln,CoursFromAct,CoursToAct,CoursSupervisorInt,CoursSupervisorExt,CoursYear,CoursArea,CoursSection,CoursGenRept,CoursAreaRept,CoursLocation,CoursStatus from Courses where CoursId=? - </message>
</incident>
<incident>
<timestamp>06-11-2025 13:09:18</timestamp>
<incidentId>0301052520251106130918</incidentId>
<message>select CoursCrsId,CoursType,CoursBulletin,CoursFromPln,CouursToPln,CoursFromAct,CoursToAct,CoursSupervisorInt,CoursSupervisorExt,CoursYear,CoursArea,CoursSection,CoursGenRept,CoursAreaRept,CoursLocation,CoursStatus from Courses where CoursId=? - </message>
</incident>
<incident>
<timestamp>06-11-2025 13:17:20</timestamp>
<incidentId>0301052520251106131720</incidentId>
<message>select CoursCrsId,CoursType,CoursBulletin,CoursFromPln,CouursToPln,CoursFromAct,CoursToAct,CoursSupervisorInt,CoursSupervisorExt,CoursYear,CoursArea,CoursSection,CoursGenRept,CoursAreaRept,CoursLocation,CoursStatus from Courses where CoursId=? - </message>
</incident>
<incident>
<timestamp>09-11-2025 11:59:45</timestamp>
<incidentId>030105320251109115945</incidentId>
<message>select CoursCrsId,CoursType,CoursBulletin,CoursFromPln,CouursToPln,CoursFromAct,CoursToAct,CoursSupervisorInt,CoursSupervisorExt,CoursYear,CoursArea,CoursSection,CoursGenRept,CoursAreaRept,CoursLocation,CoursStatus from Courses where CoursId=? - </message>
</incident>
<incident>
<timestamp>09-11-2025 11:59:52</timestamp>
<incidentId>030105320251109115952</incidentId>
<message>select CoursCrsId,CoursType,CoursBulletin,CoursFromPln,CouursToPln,CoursFromAct,CoursToAct,CoursSupervisorInt,CoursSupervisorExt,CoursYear,CoursArea,CoursSection,CoursGenRept,CoursAreaRept,CoursLocation,CoursStatus from Courses where CoursId=? - </message>
</incident>
<incident>
<timestamp>09-11-2025 12:46:28</timestamp>
<incidentId>0301053420251109124628</incidentId>
<message>select CoursCrsId,CoursType,CoursBulletin,CoursFromPln,CouursToPln,CoursFromAct,CoursToAct,CoursSupervisorInt,CoursSupervisorExt,CoursYear,CoursArea,CoursSection,CoursGenRept,CoursAreaRept,CoursLocation,CoursStatus from Courses where CoursId=? - </message>
</incident>
<incident>
<timestamp>09-11-2025 12:46:48</timestamp>
<incidentId>0301053420251109124648</incidentId>
<message>select CoursCrsId,CoursType,CoursBulletin,CoursFromPln,CouursToPln,CoursFromAct,CoursToAct,CoursSupervisorInt,CoursSupervisorExt,CoursYear,CoursArea,CoursSection,CoursGenRept,CoursAreaRept,CoursLocation,CoursStatus from Courses where CoursId=? - </message>
</incident>
<incident>
<timestamp>10-11-2025 08:53:10</timestamp>
<incidentId>0301052920251110085310</incidentId>
<message>select CoursCrsId,CoursType,CoursBulletin,CoursFromPln,CouursToPln,CoursFromAct,CoursToAct,CoursSupervisorInt,CoursSupervisorExt,CoursYear,CoursArea,CoursSection,CoursGenRept,CoursAreaRept,CoursLocation,CoursStatus from Courses where CoursId=? - </message>
</incident>
<incident>
<timestamp>11-11-2025 12:37:16</timestamp>
<incidentId>0301055520251111123716</incidentId>
<message>select CoursCrsId,CoursType,CoursBulletin,CoursFromPln,CouursToPln,CoursFromAct,CoursToAct,CoursSupervisorInt,CoursSupervisorExt,CoursYear,CoursArea,CoursSection,CoursGenRept,CoursAreaRept,CoursLocation,CoursStatus from Courses where CoursId=? - </message>
</incident>
<incident>
<timestamp>11-11-2025 12:37:34</timestamp>
<incidentId>0301055520251111123734</incidentId>
<message>select CoursCrsId,CoursType,CoursBulletin,CoursFromPln,CouursToPln,CoursFromAct,CoursToAct,CoursSupervisorInt,CoursSupervisorExt,CoursYear,CoursArea,CoursSection,CoursGenRept,CoursAreaRept,CoursLocation,CoursStatus from Courses where CoursId=? - </message>
</incident>
<incident>
<timestamp>01-12-2025 11:40:07</timestamp>
<incidentId>0501032420251201114007</incidentId>
<message>INSERT INTO CourseLecHours(clhLecId,clhCrsId,clhHoursP,clhHoursT,clhNights,clhratio,clhDistrictFrom,clhDistrictTo,clhDays,clhReturn,clhPeriod) VALUES (?,?,?,?,?,?,?,?,?,?,?) - Duplicate entry '278-2433-1053' for key 'PRIMARY'</message>
</incident>
<incident>
<timestamp>08-12-2025 08:53:46</timestamp>
<incidentId>0301052520251208085346</incidentId>
<message>select CoursCrsId,CoursType,CoursBulletin,CoursFromPln,CouursToPln,CoursFromAct,CoursToAct,CoursSupervisorInt,CoursSupervisorExt,CoursYear,CoursArea,CoursSection,CoursGenRept,CoursAreaRept,CoursLocation,CoursStatus from Courses where CoursId=? - </message>
</incident>
<incident>
<timestamp>08-12-2025 08:57:22</timestamp>
<incidentId>0301052520251208085722</incidentId>
<message>select CoursCrsId,CoursType,CoursBulletin,CoursFromPln,CouursToPln,CoursFromAct,CoursToAct,CoursSupervisorInt,CoursSupervisorExt,CoursYear,CoursArea,CoursSection,CoursGenRept,CoursAreaRept,CoursLocation,CoursStatus from Courses where CoursId=? - </message>
</incident>
<incident>
<timestamp>11-12-2025 09:03:08</timestamp>
<incidentId>030105320251211090308</incidentId>
<message>select CoursCrsId,CoursType,CoursBulletin,CoursFromPln,CouursToPln,CoursFromAct,CoursToAct,CoursSupervisorInt,CoursSupervisorExt,CoursYear,CoursArea,CoursSection,CoursGenRept,CoursAreaRept,CoursLocation,CoursStatus from Courses where CoursId=? - </message>
</incident>
<incident>
<timestamp>11-12-2025 09:03:13</timestamp>
<incidentId>030105320251211090313</incidentId>
<message>select CoursCrsId,CoursType,CoursBulletin,CoursFromPln,CouursToPln,CoursFromAct,CoursToAct,CoursSupervisorInt,CoursSupervisorExt,CoursYear,CoursArea,CoursSection,CoursGenRept,CoursAreaRept,CoursLocation,CoursStatus from Courses where CoursId=? - </message>
</incident>
<incident>
<timestamp>11-12-2025 10:07:00</timestamp>
<incidentId>0301053620251211100700</incidentId>
<message>select CoursCrsId,CoursType,CoursBulletin,CoursFromPln,CouursToPln,CoursFromAct,CoursToAct,CoursSupervisorInt,CoursSupervisorExt,CoursYear,CoursArea,CoursSection,CoursGenRept,CoursAreaRept,CoursLocation,CoursStatus from Courses where CoursId=? - </message>
</incident>
<incident>
<timestamp>11-12-2025 10:07:11</timestamp>
<incidentId>0301053620251211100711</incidentId>
<message>select CoursCrsId,CoursType,CoursBulletin,CoursFromPln,CouursToPln,CoursFromAct,CoursToAct,CoursSupervisorInt,CoursSupervisorExt,CoursYear,CoursArea,CoursSection,CoursGenRept,CoursAreaRept,CoursLocation,CoursStatus from Courses where CoursId=? - </message>
</incident>
<incident>
<timestamp>15-12-2025 11:04:51</timestamp>
<incidentId>0301053620251215110451</incidentId>
<message>select CoursCrsId,CoursType,CoursBulletin,CoursFromPln,CouursToPln,CoursFromAct,CoursToAct,CoursSupervisorInt,CoursSupervisorExt,CoursYear,CoursArea,CoursSection,CoursGenRept,CoursAreaRept,CoursLocation,CoursStatus from Courses where CoursId=? - </message>
</incident>
<incident>
<timestamp>15-12-2025 11:05:42</timestamp>
<incidentId>0301053620251215110542</incidentId>
<message>select CoursCrsId,CoursType,CoursBulletin,CoursFromPln,CouursToPln,CoursFromAct,CoursToAct,CoursSupervisorInt,CoursSupervisorExt,CoursYear,CoursArea,CoursSection,CoursGenRept,CoursAreaRept,CoursLocation,CoursStatus from Courses where CoursId=? - </message>
</incident>
<incident>
<timestamp>06-01-2026 10:56:23</timestamp>
<incidentId>0501032420260106105623</incidentId>
<message>INSERT INTO CourseLecHours(clhLecId,clhCrsId,clhHoursP,clhHoursT,clhNights,clhratio,clhDistrictFrom,clhDistrictTo,clhDays,clhReturn,clhPeriod) VALUES (?,?,?,?,?,?,?,?,?,?,?) - Duplicate entry '735-1877-1138' for key 'PRIMARY'</message>
</incident>
<incident>
<timestamp>14-01-2026 13:22:55</timestamp>
<incidentId>0301053620260114132255</incidentId>
<message>select CoursCrsId,CoursType,CoursBulletin,CoursFromPln,CouursToPln,CoursFromAct,CoursToAct,CoursSupervisorInt,CoursSupervisorExt,CoursYear,CoursArea,CoursSection,CoursGenRept,CoursAreaRept,CoursLocation,CoursStatus from Courses where CoursId=? - </message>
</incident>
